id,name,display_name,symbol,sector,created_at,updated_at
75397,Precision Fastners Ltd.,Precision Fastners Ltd.,,industrial_equipment,2021-07-28 20:29:36 +0530,2021-07-28 20:29:36 +0530
75415,Johnson & Johnson Ltd.,Johnson & Johnson Ltd.,,healthcare,2021-07-28 20:29:38 +0530,2021-07-28 20:29:38 +0530
75443,Angel Broking Ltd. (Amalgamated),Angel Broking Ltd. (Amalgamated),,finance,2021-07-28 20:29:40 +0530,2021-07-28 20:29:40 +0530
75455,Delta Air Lines Pvt Ltd.,Delta Air Lines Pvt Ltd.,,travel_lodging,2021-07-28 20:29:42 +0530,2021-07-28 20:29:42 +0530
75456,Globsyn Technologies Limited,Globsyn Technologies Limited,,education,2021-07-28 20:29:42 +0530,2021-07-28 20:29:42 +0530
75466,Infrastructure Leasing & Financial Services Ltd.,Infrastructure Leasing & Financial Services Ltd.,,finance,2021-07-28 20:29:45 +0530,2021-07-28 20:29:45 +0530
75472,Punjab Wireless Systems Limited,Punjab Wireless Systems Limited,,,2021-07-28 20:29:46 +0530,2021-07-28 20:29:46 +0530
75473,Royal Industries Limited,Royal Industries Limited,,textile,2021-07-28 20:29:46 +0530,2021-07-28 20:29:46 +0530
75479,DominoS Pizza Services Private Limited,DominoS Pizza Services Private Limited,,consumer_staples,2021-07-28 20:29:48 +0530,2021-07-28 20:29:48 +0530
75489,Toronto-Dominion Bank,Toronto-Dominion Bank,,finance,2021-07-28 20:29:50 +0530,2021-07-28 20:29:50 +0530
75495,SIP Technologies & Exports Ltd,SIP Technologies & Exports Ltd,,other,2021-07-28 20:29:50 +0530,2021-07-28 20:29:50 +0530
75496,Quantum Information Services,Quantum Information Services,,other,2021-07-28 20:29:50 +0530,2021-07-28 20:29:50 +0530
75497,City Online Services Ltd.,City Online Services Ltd.,,other,2021-07-28 20:29:50 +0530,2021-07-28 20:29:50 +0530
75498,Magnasound (India) Ltd.,Magnasound (India) Ltd.,,other,2021-07-28 20:29:51 +0530,2021-07-28 20:29:51 +0530
75500,Deldot Systems Ltd,Deldot Systems Ltd,,,2021-07-28 20:29:51 +0530,2021-07-28 20:29:51 +0530
75503,Aruna Mills Company Ltd,Aruna Mills Company Ltd,,textile,2021-07-28 20:29:51 +0530,2021-07-28 20:29:51 +0530
75504,Eastern Medikit Ltd.,Eastern Medikit Ltd.,,healthcare,2021-07-28 20:29:51 +0530,2021-07-28 20:29:51 +0530
75505,Euro Cotspin Ltd,Euro Cotspin Ltd,,trading,2021-07-28 20:29:51 +0530,2021-07-28 20:29:51 +0530
75506,Indian Steel Rolling Mills Ltd,Indian Steel Rolling Mills Ltd,,raw_materials,2021-07-28 20:29:51 +0530,2021-07-28 20:29:51 +0530
75507,Jaipur Syntex Ltd,Jaipur Syntex Ltd,,textile,2021-07-28 20:29:51 +0530,2021-07-28 20:29:51 +0530
75508,Jaswal Granites Ltd,Jaswal Granites Ltd,,other,2021-07-28 20:29:51 +0530,2021-07-28 20:29:51 +0530
75509,Marwar Hotels Ltd,Marwar Hotels Ltd,,travel_lodging,2021-07-28 20:29:51 +0530,2021-07-28 20:29:51 +0530
75510,Nutan Mills Ltd,Nutan Mills Ltd,,textile,2021-07-28 20:29:51 +0530,2021-07-28 20:29:51 +0530
75511,Willard Storage Battery Ltd,Willard Storage Battery Ltd,,consumer_staples,2021-07-28 20:29:51 +0530,2021-07-28 20:29:51 +0530
75512,Virtual Dynamics Software Ltd,Virtual Dynamics Software Ltd,,,2021-07-28 20:29:51 +0530,2021-07-28 20:29:51 +0530
75513,SRM  Radiant Infotech Ltd,SRM  Radiant Infotech Ltd,,other,2021-07-28 20:29:51 +0530,2021-07-28 20:29:51 +0530
75514,Shubh Shanti Services Ltd,Shubh Shanti Services Ltd,,finance,2021-07-28 20:29:51 +0530,2021-07-28 20:29:51 +0530
75515,Rajinder Steels Ltd,Rajinder Steels Ltd,,raw_materials,2021-07-28 20:29:51 +0530,2021-07-28 20:29:51 +0530
75516,Raipur Manufacturing Company Ltd,Raipur Manufacturing Company Ltd,,other,2021-07-28 20:29:51 +0530,2021-07-28 20:29:51 +0530
75517,Poysha Industrial Company Ltd,Poysha Industrial Company Ltd,,packaging,2021-07-28 20:29:51 +0530,2021-07-28 20:29:51 +0530
75518,Nihon Nirman Ltd,Nihon Nirman Ltd,,construction,2021-07-28 20:29:51 +0530,2021-07-28 20:29:51 +0530
75519,Jadoonet.Com,Jadoonet.Com,,other,2021-07-28 20:29:51 +0530,2021-07-28 20:29:51 +0530
75520,Amex Carb. & Chem.,Amex Carb. & Chem.,,,2021-07-28 20:29:51 +0530,2021-07-28 20:29:51 +0530
75521,Damania Capital Markets Ltd,Damania Capital Markets Ltd,,finance,2021-07-28 20:29:51 +0530,2021-07-28 20:29:51 +0530
75522,Collabera Solutions Pvt Ltd,Collabera Solutions Pvt Ltd,,other,2021-07-28 20:29:51 +0530,2021-07-28 20:29:51 +0530
75523,GPI Textiles Ltd,GPI Textiles Ltd,,textile,2021-07-28 20:29:51 +0530,2021-07-28 20:29:51 +0530
75524,Indbazaar Com Ltd,Indbazaar Com Ltd,,retail,2021-07-28 20:29:51 +0530,2021-07-28 20:29:51 +0530
75527,Numero Uno International Ltd.,Numero Uno International Ltd.,,other,2021-07-28 20:29:51 +0530,2021-07-28 20:29:51 +0530
75531,Apache Corp,Apache Corp,,utilities,2021-07-28 20:29:51 +0530,2021-07-28 20:29:51 +0530
75532,Bank Of China Ltd.,Bank Of China Ltd.,,finance,2021-07-28 20:29:51 +0530,2021-07-28 20:29:51 +0530
75533,Bank Of Communications,Bank Of Communications,,finance,2021-07-28 20:29:51 +0530,2021-07-28 20:29:51 +0530
75534,Bayer AG,Bayer AG,,other,2021-07-28 20:29:51 +0530,2021-07-28 20:29:51 +0530
75535,Boc Hong Kong Holdings Ltd,Boc Hong Kong Holdings Ltd,,finance,2021-07-28 20:29:51 +0530,2021-07-28 20:29:51 +0530
75536,Brambles Ltd.,Brambles Ltd.,,other,2021-07-28 20:29:51 +0530,2021-07-28 20:29:51 +0530
75537,Bunge Ltd,Bunge Ltd,,agriculture,2021-07-28 20:29:51 +0530,2021-07-28 20:29:51 +0530
75538,Caterpillar INC,Caterpillar INC,,construction,2021-07-28 20:29:52 +0530,2021-07-28 20:29:52 +0530
75539,CF Industries Holdings Inc,CF Industries Holdings Inc,,finance,2021-07-28 20:29:52 +0530,2021-07-28 20:29:52 +0530
75540,Chevron Corp,Chevron Corp,,energy_production,2021-07-28 20:29:52 +0530,2021-07-28 20:29:52 +0530
75541,China Construction Bank Corp,China Construction Bank Corp,,finance,2021-07-28 20:29:52 +0530,2021-07-28 20:29:52 +0530
75542,China Life Insurance,China Life Insurance,,finance,2021-07-28 20:29:52 +0530,2021-07-28 20:29:52 +0530
75543,China Merchants Bank,China Merchants Bank,,finance,2021-07-28 20:29:52 +0530,2021-07-28 20:29:52 +0530
75544,China Mobile Ltd.,China Mobile Ltd.,,telecom,2021-07-28 20:29:52 +0530,2021-07-28 20:29:52 +0530
75545,China Overseas Land & Invest Ltd,China Overseas Land & Invest Ltd,,construction,2021-07-28 20:29:52 +0530,2021-07-28 20:29:52 +0530
75546,China Petroleum & Chemical Company Ltd,China Petroleum & Chemical Company Ltd,,chemicals,2021-07-28 20:29:52 +0530,2021-07-28 20:29:52 +0530
75547,China Shenhua Energy (HongKong) ,China Shenhua Energy (HongKong) ,,other,2021-07-28 20:29:52 +0530,2021-07-28 20:29:52 +0530
75548,China Unicom Ltd.,China Unicom Ltd.,,telecom,2021-07-28 20:29:52 +0530,2021-07-28 20:29:52 +0530
75549,Chubb Corp,Chubb Corp,,finance,2021-07-28 20:29:52 +0530,2021-07-28 20:29:52 +0530
75550,Cnooc Ltd,Cnooc Ltd,,energy_production,2021-07-28 20:29:52 +0530,2021-07-28 20:29:52 +0530
75551,Coca-Cola Co,Coca-Cola Co,,consumer_staples,2021-07-28 20:29:52 +0530,2021-07-28 20:29:52 +0530
75552,CSL Ltd.-Australia,CSL Ltd.-Australia,,healthcare,2021-07-28 20:29:52 +0530,2021-07-28 20:29:52 +0530
75553,DBS Group Holdings Ltd.,DBS Group Holdings Ltd.,,other,2021-07-28 20:29:52 +0530,2021-07-28 20:29:52 +0530
75554,Deere & Co,Deere & Co,,industrial_equipment,2021-07-28 20:29:52 +0530,2021-07-28 20:29:52 +0530
75555,Exxon Mobil Corp,Exxon Mobil Corp,,energy_production,2021-07-28 20:29:52 +0530,2021-07-28 20:29:52 +0530
75556,FMC Corp,FMC Corp,,agriculture,2021-07-28 20:29:52 +0530,2021-07-28 20:29:52 +0530
75557,GEA Group AG,GEA Group AG,,consumer_staples,2021-07-28 20:29:52 +0530,2021-07-28 20:29:52 +0530
75558,Halliburton Co,Halliburton Co,,energy_production,2021-07-28 20:29:52 +0530,2021-07-28 20:29:52 +0530
75559,Hang Lung Properties (HongKong),Hang Lung Properties (HongKong),,construction,2021-07-28 20:29:52 +0530,2021-07-28 20:29:52 +0530
75560,Hang Seng Bank Ltd.,Hang Seng Bank Ltd.,,finance,2021-07-28 20:29:52 +0530,2021-07-28 20:29:52 +0530
75561,Hong Kong Exchs & Clearing Ltd.,Hong Kong Exchs & Clearing Ltd.,,finance,2021-07-28 20:29:52 +0530,2021-07-28 20:29:52 +0530
75562,HSBC Holdings Plc (HK) Hoko,HSBC Holdings Plc (HK) Hoko,,finance,2021-07-28 20:29:52 +0530,2021-07-28 20:29:52 +0530
75563,Idex Corp,Idex Corp,,construction,2021-07-28 20:29:52 +0530,2021-07-28 20:29:52 +0530
75564,Industrial and Commercial Bank of China,Industrial and Commercial Bank of China,,finance,2021-07-28 20:29:52 +0530,2021-07-28 20:29:52 +0530
75565,Israel Chemicals Ltd,Israel Chemicals Ltd,,,2021-07-28 20:29:52 +0530,2021-07-28 20:29:52 +0530
75566,MediaTek  ( Taiwan ),MediaTek  ( Taiwan ),,electronics,2021-07-28 20:29:52 +0530,2021-07-28 20:29:52 +0530
75567,Microsoft Corp,Microsoft Corp,,,2021-07-28 20:29:52 +0530,2021-07-28 20:29:52 +0530
75568,MTR Corp,MTR Corp,,restaurants,2021-07-28 20:29:52 +0530,2021-07-28 20:29:52 +0530
75569,National Oilwell Varco Inc,National Oilwell Varco Inc,,energy_production,2021-07-28 20:29:52 +0530,2021-07-28 20:29:52 +0530
75570,Nestle SA,Nestle SA,,consumer_staples,2021-07-28 20:29:52 +0530,2021-07-28 20:29:52 +0530
75571,Newmont Mining Corp,Newmont Mining Corp,,raw_materials,2021-07-28 20:29:52 +0530,2021-07-28 20:29:52 +0530
75572,Northrop Grumman Corp,Northrop Grumman Corp,,defence,2021-07-28 20:29:52 +0530,2021-07-28 20:29:52 +0530
75573,Novatek Microelectronics Corporation (Taiwan),Novatek Microelectronics Corporation (Taiwan),,electronics,2021-07-28 20:29:52 +0530,2021-07-28 20:29:52 +0530
75574,Oracle Corp,Oracle Corp,,,2021-07-28 20:29:52 +0530,2021-07-28 20:29:52 +0530
75575,Pentair Inc,Pentair Inc,,construction,2021-07-28 20:29:52 +0530,2021-07-28 20:29:52 +0530
75576,Petro China Company Ltd,Petro China Company Ltd,,chemicals,2021-07-28 20:29:52 +0530,2021-07-28 20:29:52 +0530
75577,Ping An Insurance (Group) Company of China,Ping An Insurance (Group) Company of China,,finance,2021-07-28 20:29:52 +0530,2021-07-28 20:29:52 +0530
75578,Procter & Gamble Co,Procter & Gamble Co,,consumer_staples,2021-07-28 20:29:52 +0530,2021-07-28 20:29:52 +0530
75579,Reckitt Benckiser Group PLC,Reckitt Benckiser Group PLC,,other,2021-07-28 20:29:52 +0530,2021-07-28 20:29:52 +0530
75580,RIO Tinto India Pvt Ltd.,RIO Tinto India Pvt Ltd.,,raw_materials,2021-07-28 20:29:52 +0530,2021-07-28 20:29:52 +0530
75581,Roche Holding Ltd,Roche Holding Ltd,,finance,2021-07-28 20:29:52 +0530,2021-07-28 20:29:52 +0530
75582,Shinhan Financial Group Company Ltd.,Shinhan Financial Group Company Ltd.,,other,2021-07-28 20:29:52 +0530,2021-07-28 20:29:52 +0530
75583,Singapore Technologies Engineering  (Singapore) ,Singapore Technologies Engineering  (Singapore) ,,construction,2021-07-28 20:29:52 +0530,2021-07-28 20:29:52 +0530
75584,Sun Hung Kai Properties Ltd.,Sun Hung Kai Properties Ltd.,,real_estate,2021-07-28 20:29:52 +0530,2021-07-28 20:29:52 +0530
75585,Taiwan Semiconductor Manufacturing Company Ltd.,Taiwan Semiconductor Manufacturing Company Ltd.,,electronics,2021-07-28 20:29:52 +0530,2021-07-28 20:29:52 +0530
75586,Travelsky Technology  (HongKong),Travelsky Technology  (HongKong),,outsourcing,2021-07-28 20:29:52 +0530,2021-07-28 20:29:52 +0530
75587,Wal-Mart Stores Inc,Wal-Mart Stores Inc,,retail,2021-07-28 20:29:53 +0530,2021-07-28 20:29:53 +0530
75588,Want Want China Holdings (HongKong) ,Want Want China Holdings (HongKong) ,,other,2021-07-28 20:29:53 +0530,2021-07-28 20:29:53 +0530
75589,Yara International ASA,Yara International ASA,,agriculture,2021-07-28 20:29:53 +0530,2021-07-28 20:29:53 +0530
75596,Archer Daniels Midland Company Ltd.,Archer Daniels Midland Company Ltd.,,chemicals,2021-07-28 20:29:53 +0530,2021-07-28 20:29:53 +0530
75597,BYD Company Ltd.,BYD Company Ltd.,,other,2021-07-28 20:29:53 +0530,2021-07-28 20:29:53 +0530
75598,China Mengniu Dairy,China Mengniu Dairy,,consumer_staples,2021-07-28 20:29:53 +0530,2021-07-28 20:29:53 +0530
75599,China Resources Land Ltd.,China Resources Land Ltd.,,real_estate,2021-07-28 20:29:53 +0530,2021-07-28 20:29:53 +0530
75600,Commonwealth Bank of Australia,Commonwealth Bank of Australia,,finance,2021-07-28 20:29:53 +0530,2021-07-28 20:29:53 +0530
75601,Freeport Mcmoran Copper & Gold Inc,Freeport Mcmoran Copper & Gold Inc,,raw_materials,2021-07-28 20:29:53 +0530,2021-07-28 20:29:53 +0530
75602,Hess Corp,Hess Corp,,energy_production,2021-07-28 20:29:53 +0530,2021-07-28 20:29:53 +0530
75603,JP Morgan Chase & Co,JP Morgan Chase & Co,,finance,2021-07-28 20:29:53 +0530,2021-07-28 20:29:53 +0530
75604,Kubota Corp,Kubota Corp,,construction,2021-07-28 20:29:53 +0530,2021-07-28 20:29:53 +0530
75605,Marathon Oil Corp,Marathon Oil Corp,,energy_production,2021-07-28 20:29:53 +0530,2021-07-28 20:29:53 +0530
75606,Merck & Company Inc,Merck & Company Inc,,healthcare,2021-07-28 20:29:53 +0530,2021-07-28 20:29:53 +0530
75607,Schlumberger Ltd,Schlumberger Ltd,,energy_production,2021-07-28 20:29:53 +0530,2021-07-28 20:29:53 +0530
75608,Schneider Electric Sa,Schneider Electric Sa,,industrial_equipment,2021-07-28 20:29:53 +0530,2021-07-28 20:29:53 +0530
75609,Snap- On Inc,Snap- On Inc,,industrial_equipment,2021-07-28 20:29:53 +0530,2021-07-28 20:29:53 +0530
75610,Sociedad Quimica y Minera de Chile SA,Sociedad Quimica y Minera de Chile SA,,agriculture,2021-07-28 20:29:53 +0530,2021-07-28 20:29:53 +0530
75611,Swire Pacific Ltd,Swire Pacific Ltd,,finance,2021-07-28 20:29:53 +0530,2021-07-28 20:29:53 +0530
75612,Tencent Holdings,Tencent Holdings,,finance,2021-07-28 20:29:53 +0530,2021-07-28 20:29:53 +0530
75613,Valero Energy Corporation Ltd,Valero Energy Corporation Ltd,,energy_production,2021-07-28 20:29:53 +0530,2021-07-28 20:29:53 +0530
75614,Vestas Wind Systems,Vestas Wind Systems,,utilities,2021-07-28 20:29:54 +0530,2021-07-28 20:29:54 +0530
75615,Wilmar International Ltd,Wilmar International Ltd,,agriculture,2021-07-28 20:29:54 +0530,2021-07-28 20:29:54 +0530
75616,Nucor Corp,Nucor Corp,,raw_materials,2021-07-28 20:29:54 +0530,2021-07-28 20:29:54 +0530
75617,Citic Pacific,Citic Pacific,,raw_materials,2021-07-28 20:29:54 +0530,2021-07-28 20:29:54 +0530
75622,Techtronic Industries Company Ltd.,Techtronic Industries Company Ltd.,,other,2021-07-28 20:29:54 +0530,2021-07-28 20:29:54 +0530
75624,Accenture Plc,Accenture Plc,,,2021-07-28 20:29:54 +0530,2021-07-28 20:29:54 +0530
75625,BRF - Brasil Foods SA,BRF - Brasil Foods SA,,other,2021-07-28 20:29:54 +0530,2021-07-28 20:29:54 +0530
75626,Cognizant Technology Solutions Corporation,Cognizant Technology Solutions Corporation,,other,2021-07-28 20:29:54 +0530,2021-07-28 20:29:54 +0530
75627,International Business Machines Corp.,International Business Machines Corp.,,electronics,2021-07-28 20:29:54 +0530,2021-07-28 20:29:54 +0530
75628,Travelers Cos Inc,Travelers Cos Inc,,other,2021-07-28 20:29:54 +0530,2021-07-28 20:29:54 +0530
75630,Occidental Petroleum Corporation,Occidental Petroleum Corporation,,other,2021-07-28 20:29:54 +0530,2021-07-28 20:29:54 +0530
75634,Suzuki Motor Corporation,Suzuki Motor Corporation,,auto,2021-07-28 20:29:54 +0530,2021-07-28 20:29:54 +0530
75635,ResMed Inc.,ResMed Inc.,,other,2021-07-28 20:29:54 +0530,2021-07-28 20:29:54 +0530
75636,CSX Corporation,CSX Corporation,,other,2021-07-28 20:29:54 +0530,2021-07-28 20:29:54 +0530
75637,Bank of America NA,Bank of America NA,,finance,2021-07-28 20:29:55 +0530,2021-07-28 20:29:55 +0530
75647,CLP Holdings Ltd,CLP Holdings Ltd,,other,2021-07-28 20:29:55 +0530,2021-07-28 20:29:55 +0530
75648,Hong Kong and China Gas Company Ltd,Hong Kong and China Gas Company Ltd,,other,2021-07-28 20:29:55 +0530,2021-07-28 20:29:55 +0530
75649,New World Development Company Ltd,New World Development Company Ltd,,other,2021-07-28 20:29:55 +0530,2021-07-28 20:29:55 +0530
75650,Sino Land Company Ltd,Sino Land Company Ltd,,other,2021-07-28 20:29:55 +0530,2021-07-28 20:29:55 +0530
75651,Henderson Land Development Company Ltd,Henderson Land Development Company Ltd,,other,2021-07-28 20:29:56 +0530,2021-07-28 20:29:56 +0530
75655,Danaher Corp,Danaher Corp,,other,2021-07-28 20:29:56 +0530,2021-07-28 20:29:56 +0530
75659,Honeywell International,Honeywell International,,electronics,2021-07-28 20:29:56 +0530,2021-07-28 20:29:56 +0530
75663,General Electric Co,General Electric Co,,other,2021-07-28 20:29:56 +0530,2021-07-28 20:29:56 +0530
75664,MakeMyTrip Ltd.,MakeMyTrip Ltd.,,restaurants,2021-07-28 20:29:56 +0530,2021-07-28 20:29:56 +0530
75666,EOG Resources Inc,EOG Resources Inc,,energy_production,2021-07-28 20:29:57 +0530,2021-07-28 20:29:57 +0530
75667,Pioneer Natural Resources Co,Pioneer Natural Resources Co,,energy_production,2021-07-28 20:29:57 +0530,2021-07-28 20:29:57 +0530
75668,PPG Industries Inc,PPG Industries Inc,,,2021-07-28 20:29:57 +0530,2021-07-28 20:29:57 +0530
75671,Accord Cotsyn,Accord Cotsyn,,other,2021-07-28 20:29:57 +0530,2021-07-28 20:29:57 +0530
75672,Soni Medicare Ltd.,Soni Medicare Ltd.,,healthcare,2021-07-28 20:29:57 +0530,2021-07-28 20:29:57 +0530
75673,Weichai Power,Weichai Power,,other,2021-07-28 20:29:57 +0530,2021-07-28 20:29:57 +0530
75677,Golden Agri-Resources Ltd,Golden Agri-Resources Ltd,,agriculture,2021-07-28 20:29:57 +0530,2021-07-28 20:29:57 +0530
75679,ACE Hardware (Indonesia),ACE Hardware (Indonesia),,retail,2021-07-28 20:29:58 +0530,2021-07-28 20:29:58 +0530
75680,AIA Group (Hongkong),AIA Group (Hongkong),,construction,2021-07-28 20:29:58 +0530,2021-07-28 20:29:58 +0530
75689,Chennai Interactive Business Services,Chennai Interactive Business Services,,outsourcing,2021-07-28 20:29:58 +0530,2021-07-28 20:29:58 +0530
75690,British American Tobacco (ADR),British American Tobacco (ADR),,tobacco,2021-07-28 20:29:59 +0530,2021-07-28 20:29:59 +0530
75695,Power Assets Holdings Ltd,Power Assets Holdings Ltd,,finance,2021-07-28 20:29:59 +0530,2021-07-28 20:29:59 +0530
75696,State Street Corp,State Street Corp,,finance,2021-07-28 20:29:59 +0530,2021-07-28 20:29:59 +0530
75699,Amazon.com,Amazon.com,,it_technology,2021-07-28 20:30:00 +0530,2021-07-28 20:30:00 +0530
75700,Apple India Pvt Ltd.,Apple India Pvt Ltd.,,electronics,2021-07-28 20:30:00 +0530,2021-07-28 20:30:00 +0530
75701,Intel Corporation,Intel Corporation,,industrial_equipment,2021-07-28 20:30:00 +0530,2021-07-28 20:30:00 +0530
75702,QUALCOMM,QUALCOMM,,infrastructure,2021-07-28 20:30:00 +0530,2021-07-28 20:30:00 +0530
75707,Largan Precision Company Ltd. (Taiwan),Largan Precision Company Ltd. (Taiwan),,other,2021-07-28 20:30:01 +0530,2021-07-28 20:30:01 +0530
75708,Huntington Ingalls Industries Inc,Huntington Ingalls Industries Inc,,defence,2021-07-28 20:30:02 +0530,2021-07-28 20:30:02 +0530
75710,Eli Lilly & Co.(India) Pvt Ltd.,Eli Lilly & Co.(India) Pvt Ltd.,,healthcare,2021-07-28 20:30:02 +0530,2021-07-28 20:30:02 +0530
75711,Shivalik Rasayan Ltd.,Shivalik Rasayan Ltd.,,agriculture,2021-07-28 20:30:02 +0530,2021-07-28 20:30:02 +0530
75712,Amgen,Amgen,,healthcare,2021-07-28 20:30:02 +0530,2021-07-28 20:30:02 +0530
75713,Comcast Corporation,Comcast Corporation,,telecom,2021-07-28 20:30:02 +0530,2021-07-28 20:30:02 +0530
75715,Activision Blizzard Inc.,Activision Blizzard Inc.,,media,2021-07-28 20:30:02 +0530,2021-07-28 20:30:02 +0530
75716,Automatic Data Processing Inc.,Automatic Data Processing Inc.,,outsourcing,2021-07-28 20:30:02 +0530,2021-07-28 20:30:02 +0530
75717,Broadcom Corporation,Broadcom Corporation,,electronics,2021-07-28 20:30:02 +0530,2021-07-28 20:30:02 +0530
75718,Cerner Corporation,Cerner Corporation,,healthcare,2021-07-28 20:30:02 +0530,2021-07-28 20:30:02 +0530
75719,Check Point Software Technologies Ltd.,Check Point Software Technologies Ltd.,,,2021-07-28 20:30:02 +0530,2021-07-28 20:30:02 +0530
75720,Citrix Systems Inc.,Citrix Systems Inc.,,,2021-07-28 20:30:02 +0530,2021-07-28 20:30:02 +0530
75721,Costco Wholesale Corporation,Costco Wholesale Corporation,,retail,2021-07-28 20:30:02 +0530,2021-07-28 20:30:02 +0530
75722,Dollar Tree Inc.,Dollar Tree Inc.,,retail,2021-07-28 20:30:02 +0530,2021-07-28 20:30:02 +0530
75723,Electronic Arts Inc.,Electronic Arts Inc.,,media,2021-07-28 20:30:02 +0530,2021-07-28 20:30:02 +0530
75724,Expedia Inc.,Expedia Inc.,,retail,2021-07-28 20:30:02 +0530,2021-07-28 20:30:02 +0530
75725,Expeditors International of Washington Inc.,Expeditors International of Washington Inc.,,logistics,2021-07-28 20:30:02 +0530,2021-07-28 20:30:02 +0530
75726,F5 Networks Inc.,F5 Networks Inc.,,infrastructure,2021-07-28 20:30:02 +0530,2021-07-28 20:30:02 +0530
75727,Fastenal Co,Fastenal Co,,trading,2021-07-28 20:30:02 +0530,2021-07-28 20:30:02 +0530
75728,FLIR Systems Inc.,FLIR Systems Inc.,,industrial_equipment,2021-07-28 20:30:02 +0530,2021-07-28 20:30:02 +0530
75729,Garmin Ltd.,Garmin Ltd.,,consumer_discretionary,2021-07-28 20:30:02 +0530,2021-07-28 20:30:02 +0530
75730,Gilead Sciences Inc.,Gilead Sciences Inc.,,healthcare,2021-07-28 20:30:02 +0530,2021-07-28 20:30:02 +0530
75731,Henry Schein Inc.,Henry Schein Inc.,,retail,2021-07-28 20:30:02 +0530,2021-07-28 20:30:02 +0530
75732,Illumina Inc.,Illumina Inc.,,other,2021-07-28 20:30:02 +0530,2021-07-28 20:30:02 +0530
75733,Intuit Inc.,Intuit Inc.,,,2021-07-28 20:30:02 +0530,2021-07-28 20:30:02 +0530
75734,KLA-Tencor Corporation,KLA-Tencor Corporation,,electronics,2021-07-28 20:30:02 +0530,2021-07-28 20:30:02 +0530
75735,Lam Research Corporation,Lam Research Corporation,,construction,2021-07-28 20:30:02 +0530,2021-07-28 20:30:02 +0530
75736,Marvell Technology Group Ltd.,Marvell Technology Group Ltd.,,industrial_equipment,2021-07-28 20:30:02 +0530,2021-07-28 20:30:02 +0530
75737,Maxim Integrated Products Inc.,Maxim Integrated Products Inc.,,electronics,2021-07-28 20:30:02 +0530,2021-07-28 20:30:02 +0530
75738,Micron Technology Inc.,Micron Technology Inc.,,electronics,2021-07-28 20:30:02 +0530,2021-07-28 20:30:02 +0530
75739,Mylan Inc.,Mylan Inc.,,healthcare,2021-07-28 20:30:02 +0530,2021-07-28 20:30:02 +0530
75740,NetApp Inc.,NetApp Inc.,,electronics,2021-07-28 20:30:02 +0530,2021-07-28 20:30:02 +0530
75741,NetFlix Inc.,NetFlix Inc.,,media,2021-07-28 20:30:02 +0530,2021-07-28 20:30:02 +0530
75742,News Corporation,News Corporation,,media,2021-07-28 20:30:02 +0530,2021-07-28 20:30:02 +0530
75743,NVIDIA Corporation,NVIDIA Corporation,,electronics,2021-07-28 20:30:02 +0530,2021-07-28 20:30:02 +0530
75744,O’Reilly Automotive Inc.,O’Reilly Automotive Inc.,,auto,2021-07-28 20:30:02 +0530,2021-07-28 20:30:02 +0530
75745,PACCAR Inc.,PACCAR Inc.,,auto,2021-07-28 20:30:02 +0530,2021-07-28 20:30:02 +0530
75746,Paychex Inc.,Paychex Inc.,,outsourcing,2021-07-28 20:30:02 +0530,2021-07-28 20:30:02 +0530
75747,Ross Stores Inc.,Ross Stores Inc.,,textile,2021-07-28 20:30:02 +0530,2021-07-28 20:30:02 +0530
75748,Seagate Technology,Seagate Technology,,electronics,2021-07-28 20:30:02 +0530,2021-07-28 20:30:02 +0530
75749,VeriSign Inc.,VeriSign Inc.,,infrastructure,2021-07-28 20:30:02 +0530,2021-07-28 20:30:02 +0530
75750,Vertex Pharmaceuticals Inc.,Vertex Pharmaceuticals Inc.,,healthcare,2021-07-28 20:30:02 +0530,2021-07-28 20:30:02 +0530
75751,Wynn Resorts Ltd.,Wynn Resorts Ltd.,,other,2021-07-28 20:30:02 +0530,2021-07-28 20:30:02 +0530
75752,Xilinx Inc.,Xilinx Inc.,,electronics,2021-07-28 20:30:02 +0530,2021-07-28 20:30:02 +0530
75753,INTUITIVE SURGICAL INC COM,INTUITIVE SURGICAL INC COM,,healthcare,2021-07-28 20:30:02 +0530,2021-07-28 20:30:02 +0530
75754,ALEXION PHARMACEUTICALS INC COM,ALEXION PHARMACEUTICALS INC COM,,healthcare,2021-07-28 20:30:02 +0530,2021-07-28 20:30:02 +0530
75757,American Water Works Co Inc,American Water Works Co Inc,,consumer_staples,2021-07-28 20:30:03 +0530,2021-07-28 20:30:03 +0530
75758,Komatsu Ltd.,Komatsu Ltd.,,construction,2021-07-28 20:30:03 +0530,2021-07-28 20:30:03 +0530
75761,Visa Inc,Visa Inc,,outsourcing,2021-07-28 20:30:04 +0530,2021-07-28 20:30:04 +0530
75762,Samsonite International S.A,Samsonite International S.A,,textile,2021-07-28 20:30:04 +0530,2021-07-28 20:30:04 +0530
75763,Hengan International Group Company Ltd.,Hengan International Group Company Ltd.,,consumer_staples,2021-07-28 20:30:04 +0530,2021-07-28 20:30:04 +0530
75766,Marathon Petroleum Corp,Marathon Petroleum Corp,,chemicals,2021-07-28 20:30:04 +0530,2021-07-28 20:30:04 +0530
75767,The Mosaic Company Ltd.,The Mosaic Company Ltd.,,,2021-07-28 20:30:04 +0530,2021-07-28 20:30:04 +0530
75772,McKesson Corp,McKesson Corp,,retail,2021-07-28 20:30:05 +0530,2021-07-28 20:30:05 +0530
75774,Altria Group Inc,Altria Group Inc,,tobacco,2021-07-28 20:30:06 +0530,2021-07-28 20:30:06 +0530
75775,CVS Caremark Corp,CVS Caremark Corp,,retail,2021-07-28 20:30:06 +0530,2021-07-28 20:30:06 +0530
75786,Ecolab Inc,Ecolab Inc,,,2021-07-28 20:30:08 +0530,2021-07-28 20:30:08 +0530
75792,Baker Hughes Incorporated,Baker Hughes Incorporated,,energy_production,2021-07-28 20:30:15 +0530,2021-07-28 20:30:15 +0530
75794,FedEx Corp,FedEx Corp,,logistics,2021-07-28 20:30:16 +0530,2021-07-28 20:30:16 +0530
75797,LG Chemical Ltd.,LG Chemical Ltd.,,,2021-07-28 20:30:17 +0530,2021-07-28 20:30:17 +0530
75798,INGREDION INC,INGREDION INC,,agriculture,2021-07-28 20:30:17 +0530,2021-07-28 20:30:17 +0530
75799,Applied Material (US),Applied Material (US),,electronics,2021-07-28 20:30:18 +0530,2021-07-28 20:30:18 +0530
75800,Bank of New York Mellon (US),Bank of New York Mellon (US),,finance,2021-07-28 20:30:18 +0530,2021-07-28 20:30:18 +0530
75801,Exelon (US),Exelon (US),,industrial_equipment,2021-07-28 20:30:18 +0530,2021-07-28 20:30:18 +0530
75802,Franklin Resources (US),Franklin Resources (US),,finance,2021-07-28 20:30:18 +0530,2021-07-28 20:30:18 +0530
75803,Western Union (US),Western Union (US),,finance,2021-07-28 20:30:18 +0530,2021-07-28 20:30:18 +0530
75804,Berkshire Hathway Inc,Berkshire Hathway Inc,,finance,2021-07-28 20:30:18 +0530,2021-07-28 20:30:18 +0530
75805,Sands China Ltd,Sands China Ltd,,other,2021-07-28 20:30:18 +0530,2021-07-28 20:30:18 +0530
75807,Unilever (US),Unilever (US),,consumer_staples,2021-07-28 20:30:19 +0530,2021-07-28 20:30:19 +0530
75808,Kroger,Kroger,,retail,2021-07-28 20:30:19 +0530,2021-07-28 20:30:19 +0530
75809,Baidu INC (ADR),Baidu INC (ADR),,telecom,2021-07-28 20:30:19 +0530,2021-07-28 20:30:19 +0530
75810,Kanchi Karpooram Ltd.,Kanchi Karpooram Ltd.,,,2021-07-28 20:30:20 +0530,2021-07-28 20:30:20 +0530
75811,Australia & New Zeeland Banking Group Ltd.,Australia & New Zeeland Banking Group Ltd.,,finance,2021-07-28 20:30:20 +0530,2021-07-28 20:30:20 +0530
75812,National Australia Bank,National Australia Bank,,finance,2021-07-28 20:30:20 +0530,2021-07-28 20:30:20 +0530
75813,Lowe S Companies Inc,Lowe S Companies Inc,,retail,2021-07-28 20:30:20 +0530,2021-07-28 20:30:20 +0530
75814,Sysco Corp,Sysco Corp,,retail,2021-07-28 20:30:20 +0530,2021-07-28 20:30:20 +0530
75815,Vulcan Materials Co,Vulcan Materials Co,,construction,2021-07-28 20:30:20 +0530,2021-07-28 20:30:20 +0530
75816,ONEOK Inc,ONEOK Inc,,utilities,2021-07-28 20:30:21 +0530,2021-07-28 20:30:21 +0530
75817,Crystal Cable Industries Ltd.,Crystal Cable Industries Ltd.,,infrastructure,2021-07-28 20:30:22 +0530,2021-07-28 20:30:22 +0530
75818,Minerva Holding Ltd.,Minerva Holding Ltd.,,other,2021-07-28 20:30:22 +0530,2021-07-28 20:30:22 +0530
75819,Tirrihannah Co Ltd.,Tirrihannah Co Ltd.,,consumer_staples,2021-07-28 20:30:22 +0530,2021-07-28 20:30:22 +0530
75820,Mondelez International,Mondelez International,,consumer_staples,2021-07-28 20:30:22 +0530,2021-07-28 20:30:22 +0530
75821,Monster Beverage Corporation,Monster Beverage Corporation,,consumer_staples,2021-07-28 20:30:22 +0530,2021-07-28 20:30:22 +0530
75822,Texas Instruments,Texas Instruments,,electronics,2021-07-28 20:30:22 +0530,2021-07-28 20:30:22 +0530
75823,Adobe Systems,Adobe Systems,,,2021-07-28 20:30:22 +0530,2021-07-28 20:30:22 +0530
75824,eBay,eBay,,finance,2021-07-28 20:30:22 +0530,2021-07-28 20:30:22 +0530
75825,Autodesk,Autodesk,,,2021-07-28 20:30:22 +0530,2021-07-28 20:30:22 +0530
75826,Fiserv,Fiserv,,outsourcing,2021-07-28 20:30:22 +0530,2021-07-28 20:30:22 +0530
75827,Akamai Technologies,Akamai Technologies,,,2021-07-28 20:30:22 +0530,2021-07-28 20:30:22 +0530
75829,Analog Devices,Analog Devices,,electronics,2021-07-28 20:30:24 +0530,2021-07-28 20:30:24 +0530
75830,Equinix,Equinix,,other,2021-07-28 20:30:24 +0530,2021-07-28 20:30:24 +0530
75831,Facebook,Facebook,,other,2021-07-28 20:30:24 +0530,2021-07-28 20:30:24 +0530
75832,Liberty Global Inc Com Class A,Liberty Global Inc Com Class A,,telecom,2021-07-28 20:30:24 +0530,2021-07-28 20:30:24 +0530
75833,Regeneron Pharmaceuticals,Regeneron Pharmaceuticals,,healthcare,2021-07-28 20:30:24 +0530,2021-07-28 20:30:24 +0530
75834,SBA Communications Corporation,SBA Communications Corporation,,other,2021-07-28 20:30:24 +0530,2021-07-28 20:30:24 +0530
75835,Verisk Analytics,Verisk Analytics,,other,2021-07-28 20:30:24 +0530,2021-07-28 20:30:24 +0530
75836,Western Digital Corporation,Western Digital Corporation,,electronics,2021-07-28 20:30:24 +0530,2021-07-28 20:30:24 +0530
75837,Martin Marietta Materials,Martin Marietta Materials,,construction,2021-07-28 20:30:24 +0530,2021-07-28 20:30:24 +0530
75839,Amcor Ltd.,Amcor Ltd.,,packaging,2021-07-28 20:30:25 +0530,2021-07-28 20:30:25 +0530
75840,Aflac Inc,Aflac Inc,,finance,2021-07-28 20:30:25 +0530,2021-07-28 20:30:25 +0530
75841,T Rowe Price Group Inc,T Rowe Price Group Inc,,finance,2021-07-28 20:30:25 +0530,2021-07-28 20:30:25 +0530
75844,General Dynamics Corp,General Dynamics Corp,,defence,2021-07-28 20:30:27 +0530,2021-07-28 20:30:27 +0530
75848,Hanesbrands Inc.,Hanesbrands Inc.,,textile,2021-07-28 20:30:29 +0530,2021-07-28 20:30:29 +0530
75849,ASML Holding NV,ASML Holding NV,,finance,2021-07-28 20:30:30 +0530,2021-07-28 20:30:30 +0530
75851,3M Co,3M Co,,diversified,2021-07-28 20:30:32 +0530,2021-07-28 20:30:32 +0530
75852,Galaxy Entertainment Group Ltd.,Galaxy Entertainment Group Ltd.,,other,2021-07-28 20:30:32 +0530,2021-07-28 20:30:32 +0530
75853,Amerisource Bergen Corp,Amerisource Bergen Corp,,retail,2021-07-28 20:30:33 +0530,2021-07-28 20:30:33 +0530
75854,Associated British Foods PLC,Associated British Foods PLC,,packaging,2021-07-28 20:30:33 +0530,2021-07-28 20:30:33 +0530
75855,Tyson Foods INC,Tyson Foods INC,,consumer_staples,2021-07-28 20:30:33 +0530,2021-07-28 20:30:33 +0530
75856,Anheuser Busch Inbev SA,Anheuser Busch Inbev SA,,consumer_staples,2021-07-28 20:30:33 +0530,2021-07-28 20:30:33 +0530
75857,Charter Communication-A,Charter Communication-A,,telecom,2021-07-28 20:30:33 +0530,2021-07-28 20:30:33 +0530
75858,Marine Harvest ASA,Marine Harvest ASA,,packaging,2021-07-28 20:30:34 +0530,2021-07-28 20:30:34 +0530
75859,Westpac Banking Corporation,Westpac Banking Corporation,,finance,2021-07-28 20:30:34 +0530,2021-07-28 20:30:34 +0530
75860,Bank Central Asia Tbk PT,Bank Central Asia Tbk PT,,finance,2021-07-28 20:30:34 +0530,2021-07-28 20:30:34 +0530
75861,Kinder Morgan Inc,Kinder Morgan Inc,,energy_production,2021-07-28 20:30:35 +0530,2021-07-28 20:30:35 +0530
75862,Philip Morris Intl Inc,Philip Morris Intl Inc,,tobacco,2021-07-28 20:30:35 +0530,2021-07-28 20:30:35 +0530
75863,Nippon Meat Pack Ord,Nippon Meat Pack Ord,,packaging,2021-07-28 20:30:36 +0530,2021-07-28 20:30:36 +0530
75864,Pfizer INC,Pfizer INC,,healthcare,2021-07-28 20:30:36 +0530,2021-07-28 20:30:36 +0530
75866,Shenzhou International Group Holdings Ltd.,Shenzhou International Group Holdings Ltd.,,finance,2021-07-28 20:30:38 +0530,2021-07-28 20:30:38 +0530
75867,"Siam Cement PCL, fgn.","Siam Cement PCL, fgn.",,construction,2021-07-28 20:30:38 +0530,2021-07-28 20:30:38 +0530
75868,The Boeing Co,The Boeing Co,,defence,2021-07-28 20:30:38 +0530,2021-07-28 20:30:38 +0530
75869,Marriott International -Cl A,Marriott International -Cl A,,travel_lodging,2021-07-28 20:30:38 +0530,2021-07-28 20:30:38 +0530
75870,Sirius XM Holdings Inc,Sirius XM Holdings Inc,,finance,2021-07-28 20:30:38 +0530,2021-07-28 20:30:38 +0530
75871,Baxter International ORD SHS,Baxter International ORD SHS,,healthcare,2021-07-28 20:30:39 +0530,2021-07-28 20:30:39 +0530
75872,ELI LILLY ORD SHS,ELI LILLY ORD SHS,,healthcare,2021-07-28 20:30:39 +0530,2021-07-28 20:30:39 +0530
75873,Wells Fargo ORD SHS (US),Wells Fargo ORD SHS (US),,finance,2021-07-28 20:30:39 +0530,2021-07-28 20:30:39 +0530
75874,Tractor Supply Company,Tractor Supply Company,,retail,2021-07-28 20:30:40 +0530,2021-07-28 20:30:40 +0530
75875,NXP Semiconductors,NXP Semiconductors,,electronics,2021-07-28 20:30:40 +0530,2021-07-28 20:30:40 +0530
75876,Dish Network Corporation,Dish Network Corporation,,media,2021-07-28 20:30:40 +0530,2021-07-28 20:30:40 +0530
75879,Verizon Communication,Verizon Communication,,telecom,2021-07-28 20:30:42 +0530,2021-07-28 20:30:42 +0530
75880,Starbucks Ord Shs US,Starbucks Ord Shs US,,consumer_staples,2021-07-28 20:30:43 +0530,2021-07-28 20:30:43 +0530
75882,CenturyLink Inc,CenturyLink Inc,,other,2021-07-28 20:30:46 +0530,2021-07-28 20:30:46 +0530
75883,Mastercard Ord SHS Class A,Mastercard Ord SHS Class A,,,2021-07-28 20:30:47 +0530,2021-07-28 20:30:47 +0530
75884,JD.COM (ADR),JD.COM (ADR),,it_technology,2021-07-28 20:30:47 +0530,2021-07-28 20:30:47 +0530
75885,Clorox Company,Clorox Company,,consumer_staples,2021-07-28 20:31:02 +0530,2021-07-28 20:31:02 +0530
75886,Intercontinental Exchange,Intercontinental Exchange,,finance,2021-07-28 20:31:02 +0530,2021-07-28 20:31:02 +0530
75887,Water Corp ORD SHS,Water Corp ORD SHS,,other,2021-07-28 20:31:02 +0530,2021-07-28 20:31:02 +0530
75890,Apollo Tricoat Tubes Ltd.,Apollo Tricoat Tubes Ltd.,,raw_materials,2021-07-28 20:31:03 +0530,2021-07-28 20:31:03 +0530
75892,Constellation Brands Inc,Constellation Brands Inc,,consumer_staples,2021-07-28 20:31:03 +0530,2021-07-28 20:31:03 +0530
75893,Eastman Chemical Co,Eastman Chemical Co,,,2021-07-28 20:31:03 +0530,2021-07-28 20:31:03 +0530
75894,Toyota Motor Corp,Toyota Motor Corp,,auto,2021-07-28 20:31:03 +0530,2021-07-28 20:31:03 +0530
75898,Bridgestone Corp,Bridgestone Corp,,auto,2021-07-28 20:31:07 +0530,2021-07-28 20:31:07 +0530
75899,Daiwa House Ord,Daiwa House Ord,,real_estate,2021-07-28 20:31:07 +0530,2021-07-28 20:31:07 +0530
75900,East Japan Ry Ord,East Japan Ry Ord,,logistics,2021-07-28 20:31:07 +0530,2021-07-28 20:31:07 +0530
75901,Hitachi Ord,Hitachi Ord,,industrial_equipment,2021-07-28 20:31:07 +0530,2021-07-28 20:31:07 +0530
75902,Mitsub Ufj Fg Ord,Mitsub Ufj Fg Ord,,finance,2021-07-28 20:31:07 +0530,2021-07-28 20:31:07 +0530
75903,Mitsubishi Ord,Mitsubishi Ord,,trading,2021-07-28 20:31:07 +0530,2021-07-28 20:31:07 +0530
75904,Mitsui Fudosan Ord,Mitsui Fudosan Ord,,real_estate,2021-07-28 20:31:07 +0530,2021-07-28 20:31:07 +0530
75905,Ntt Data Ord,Ntt Data Ord,,,2021-07-28 20:31:07 +0530,2021-07-28 20:31:07 +0530
75906,Orix Ord,Orix Ord,,finance,2021-07-28 20:31:07 +0530,2021-07-28 20:31:07 +0530
75907,Seven & I Hldg Ord,Seven & I Hldg Ord,,retail,2021-07-28 20:31:07 +0530,2021-07-28 20:31:07 +0530
75908,Polaris Industries Inc.,Polaris Industries Inc.,,other,2021-07-28 20:31:08 +0530,2021-07-28 20:31:08 +0530
75911,Alibaba Group Holding Ltd. - (ADR),Alibaba Group Holding Ltd. - (ADR),,finance,2021-07-28 20:31:08 +0530,2021-07-28 20:31:08 +0530
75916,Alibaba Group (USA),Alibaba Group (USA),,other,2021-07-28 20:31:10 +0530,2021-07-28 20:31:10 +0530
75918,Emerson Electric ORD SHS,Emerson Electric ORD SHS,,industrial_equipment,2021-07-28 20:31:10 +0530,2021-07-28 20:31:10 +0530
75919,Williams Companies Inc.,Williams Companies Inc.,,energy_production,2021-07-28 20:31:10 +0530,2021-07-28 20:31:10 +0530
75920,Hewlett Packard Co,Hewlett Packard Co,,electronics,2021-07-28 20:31:10 +0530,2021-07-28 20:31:10 +0530
75921,Xerox Corp,Xerox Corp,,electronics,2021-07-28 20:31:10 +0530,2021-07-28 20:31:10 +0530
75922,American Airlines Group Inc Com Usd1,American Airlines Group Inc Com Usd1,,travel_lodging,2021-07-28 20:31:10 +0530,2021-07-28 20:31:10 +0530
75923,Honda Motor Co Ltd.,Honda Motor Co Ltd.,,auto,2021-07-28 20:31:10 +0530,2021-07-28 20:31:10 +0530
75924,Lvmh Moet Hennessy Louis Vuitton,Lvmh Moet Hennessy Louis Vuitton,,consumer_staples,2021-07-28 20:31:10 +0530,2021-07-28 20:31:10 +0530
75925,American Express Co,American Express Co,,finance,2021-07-28 20:31:10 +0530,2021-07-28 20:31:10 +0530
75926,Kellogg Co,Kellogg Co,,consumer_staples,2021-07-28 20:31:10 +0530,2021-07-28 20:31:10 +0530
75927,McdonaldS Corporation,McdonaldS Corporation,,consumer_staples,2021-07-28 20:31:10 +0530,2021-07-28 20:31:10 +0530
75928,Nike Inc,Nike Inc,,consumer_discretionary,2021-07-28 20:31:10 +0530,2021-07-28 20:31:10 +0530
75929,Pepsico Inc,Pepsico Inc,,consumer_staples,2021-07-28 20:31:10 +0530,2021-07-28 20:31:10 +0530
75930,The Walt Disney Co,The Walt Disney Co,,media,2021-07-28 20:31:10 +0530,2021-07-28 20:31:10 +0530
75931,United Parcel Service Inc,United Parcel Service Inc,,logistics,2021-07-28 20:31:10 +0530,2021-07-28 20:31:10 +0530
75935,Sap Se,Sap Se,,,2021-07-28 20:31:12 +0530,2021-07-28 20:31:12 +0530
75937,Unitedhealth Group Information Services Pvt Ltd.,Unitedhealth Group Information Services Pvt Ltd.,,,2021-07-28 20:31:13 +0530,2021-07-28 20:31:13 +0530
75939,Walgreens Boots Alliance Inc Wba,Walgreens Boots Alliance Inc Wba,,retail,2021-07-28 20:31:13 +0530,2021-07-28 20:31:13 +0530
75940,CK Hutchison Holdings Ltd.,CK Hutchison Holdings Ltd.,,finance,2021-07-28 20:31:13 +0530,2021-07-28 20:31:13 +0530
75942,Brillio Technologies Pvt Ltd.,Brillio Technologies Pvt Ltd.,,outsourcing,2021-07-28 20:31:15 +0530,2021-07-28 20:31:15 +0530
75943,Cardinal Health Inc,Cardinal Health Inc,,healthcare,2021-07-28 20:31:16 +0530,2021-07-28 20:31:16 +0530
75944,CSPC Pharmaceutical Group Ltd.,CSPC Pharmaceutical Group Ltd.,,healthcare,2021-07-28 20:31:16 +0530,2021-07-28 20:31:16 +0530
75946,Sanofi,Sanofi,,other,2021-07-28 20:31:17 +0530,2021-07-28 20:31:17 +0530
75947,US Bancorp Inc,US Bancorp Inc,,finance,2021-07-28 20:31:17 +0530,2021-07-28 20:31:17 +0530
75948,Varian Medical Systems Inc,Varian Medical Systems Inc,,healthcare,2021-07-28 20:31:17 +0530,2021-07-28 20:31:17 +0530
75950,Biomarin Pharmaceutical Inc,Biomarin Pharmaceutical Inc,,healthcare,2021-07-28 20:31:18 +0530,2021-07-28 20:31:18 +0530
75951,Kraft Heinz Company,Kraft Heinz Company,,consumer_staples,2021-07-28 20:31:18 +0530,2021-07-28 20:31:18 +0530
75952,Fast Retailing Co Ltd,Fast Retailing Co Ltd,,textile,2021-07-28 20:31:18 +0530,2021-07-28 20:31:18 +0530
75953,Omron Corporation Ord,Omron Corporation Ord,,industrial_equipment,2021-07-28 20:31:18 +0530,2021-07-28 20:31:18 +0530
75954,Paypal Holdings Inc-W/I,Paypal Holdings Inc-W/I,,finance,2021-07-28 20:31:18 +0530,2021-07-28 20:31:18 +0530
75955,Blackrock Inc,Blackrock Inc,,finance,2021-07-28 20:31:18 +0530,2021-07-28 20:31:18 +0530
75956,Carmax Inc,Carmax Inc,,auto,2021-07-28 20:31:18 +0530,2021-07-28 20:31:18 +0530
75957,Charles Schwab Corp,Charles Schwab Corp,,finance,2021-07-28 20:31:18 +0530,2021-07-28 20:31:18 +0530
75958,CME Group Inc,CME Group Inc,,finance,2021-07-28 20:31:18 +0530,2021-07-28 20:31:18 +0530
75959,Compass Minerals International INC,Compass Minerals International INC,,raw_materials,2021-07-28 20:31:18 +0530,2021-07-28 20:31:18 +0530
75960,Discover Financial Services,Discover Financial Services,,finance,2021-07-28 20:31:18 +0530,2021-07-28 20:31:18 +0530
75961,Mastercard,Mastercard,,outsourcing,2021-07-28 20:31:19 +0530,2021-07-28 20:31:19 +0530
75962,WW Grainger Inc,WW Grainger Inc,,trading,2021-07-28 20:31:19 +0530,2021-07-28 20:31:19 +0530
75963,Skyworks Solutions Inc,Skyworks Solutions Inc,,electronics,2021-07-28 20:31:19 +0530,2021-07-28 20:31:19 +0530
75965,Ventas INC,Ventas INC,,other,2021-07-28 20:31:19 +0530,2021-07-28 20:31:19 +0530
75966,Alphabet Inc-Cl A,Alphabet Inc-Cl A,,other,2021-07-28 20:31:19 +0530,2021-07-28 20:31:19 +0530
75967,Norfolk Southern Corp,Norfolk Southern Corp,,logistics,2021-07-28 20:31:19 +0530,2021-07-28 20:31:19 +0530
75968,Union Pacific Corp,Union Pacific Corp,,logistics,2021-07-28 20:31:20 +0530,2021-07-28 20:31:20 +0530
75969,Incyte Genomics Inc,Incyte Genomics Inc,,healthcare,2021-07-28 20:31:20 +0530,2021-07-28 20:31:20 +0530
75970,Chennai Super Kings Cricket Ltd.,Chennai Super Kings Cricket Ltd.,,travel_lodging,2021-07-28 20:31:20 +0530,2021-07-28 20:31:20 +0530
75971,Alphabet Inc A,Alphabet Inc A,,,2021-07-28 20:31:20 +0530,2021-07-28 20:31:20 +0530
75972,Hewlett Packard Enterprise Co,Hewlett Packard Enterprise Co,,,2021-07-28 20:31:20 +0530,2021-07-28 20:31:20 +0530
75973,Norwegian Cruise Line Holdings Ltd.,Norwegian Cruise Line Holdings Ltd.,,finance,2021-07-28 20:31:21 +0530,2021-07-28 20:31:21 +0530
75974,T-Mobile Us Inc.,T-Mobile Us Inc.,,telecom,2021-07-28 20:31:21 +0530,2021-07-28 20:31:21 +0530
75976,Cooper Companies Inc,Cooper Companies Inc,,healthcare,2021-07-28 20:31:21 +0530,2021-07-28 20:31:21 +0530
75977,Kansas City Southern ORD SHS,Kansas City Southern ORD SHS,,logistics,2021-07-28 20:31:21 +0530,2021-07-28 20:31:21 +0530
75978,Biogen Inc ORD SHS,Biogen Inc ORD SHS,,healthcare,2021-07-28 20:31:21 +0530,2021-07-28 20:31:21 +0530
75979,TAL Education Group ADR,TAL Education Group ADR,,finance,2021-07-28 20:31:21 +0530,2021-07-28 20:31:21 +0530
75982,Naver Corp,Naver Corp,,finance,2021-07-28 20:31:22 +0530,2021-07-28 20:31:22 +0530
75983,Netease INC,Netease INC,,,2021-07-28 20:31:22 +0530,2021-07-28 20:31:22 +0530
75985,TJX ORD,TJX ORD,,other,2021-07-28 20:31:23 +0530,2021-07-28 20:31:23 +0530
75986,Estee Lauder CL A ORD,Estee Lauder CL A ORD,,other,2021-07-28 20:31:23 +0530,2021-07-28 20:31:23 +0530
75987,CH Robinson Worldwide Inc,CH Robinson Worldwide Inc,,logistics,2021-07-28 20:31:23 +0530,2021-07-28 20:31:23 +0530
75988,Medy-tox Inc.,Medy-tox Inc.,,other,2021-07-28 20:31:23 +0530,2021-07-28 20:31:23 +0530
75989,Cbre Group Inc - A,Cbre Group Inc - A,,other,2021-07-28 20:31:24 +0530,2021-07-28 20:31:24 +0530
75990,Dentsply Sirona Inc,Dentsply Sirona Inc,,healthcare,2021-07-28 20:31:24 +0530,2021-07-28 20:31:24 +0530
75991,Salesforce.Com,Salesforce.Com,,,2021-07-28 20:31:24 +0530,2021-07-28 20:31:24 +0530
75992,Tiffany Ltd.,Tiffany Ltd.,,retail,2021-07-28 20:31:24 +0530,2021-07-28 20:31:24 +0530
75993,Ford Motor Co,Ford Motor Co,,auto,2021-07-28 20:31:24 +0530,2021-07-28 20:31:24 +0530
75994,Daikin Industries Ltd.,Daikin Industries Ltd.,,other,2021-07-28 20:31:25 +0530,2021-07-28 20:31:25 +0530
75995,ITOCHU Corporation,ITOCHU Corporation,,other,2021-07-28 20:31:25 +0530,2021-07-28 20:31:25 +0530
75996,KAO Corporation,KAO Corporation,,consumer_staples,2021-07-28 20:31:25 +0530,2021-07-28 20:31:25 +0530
75997,NIDEC Corporation,NIDEC Corporation,,industrial_equipment,2021-07-28 20:31:25 +0530,2021-07-28 20:31:25 +0530
75998,SONY Corp,SONY Corp,,consumer_discretionary,2021-07-28 20:31:25 +0530,2021-07-28 20:31:25 +0530
76000,Mahle-Metal Leve SA,Mahle-Metal Leve SA,,auto,2021-07-28 20:31:26 +0530,2021-07-28 20:31:26 +0530
76001,AAC Technologies Holdings Inc,AAC Technologies Holdings Inc,,finance,2021-07-28 20:31:26 +0530,2021-07-28 20:31:26 +0530
76002,Aramex PJSC,Aramex PJSC,,logistics,2021-07-28 20:31:27 +0530,2021-07-28 20:31:27 +0530
76003,"Bangkok Dusit Medical Services PCL, fgn.","Bangkok Dusit Medical Services PCL, fgn.",,healthcare,2021-07-28 20:31:27 +0530,2021-07-28 20:31:27 +0530
76004,"Minor International PCL, fgn.","Minor International PCL, fgn.",,travel_lodging,2021-07-28 20:31:27 +0530,2021-07-28 20:31:27 +0530
76005,Xinyi Solar Holdings Ltd.,Xinyi Solar Holdings Ltd.,,finance,2021-07-28 20:31:27 +0530,2021-07-28 20:31:27 +0530
76009,Hologic Inc,Hologic Inc,,healthcare,2021-07-28 20:31:28 +0530,2021-07-28 20:31:28 +0530
76010,Cintas Corp Com,Cintas Corp Com,,other,2021-07-28 20:31:28 +0530,2021-07-28 20:31:28 +0530
76011,Hasbro Inc Com,Hasbro Inc Com,,it_technology,2021-07-28 20:31:28 +0530,2021-07-28 20:31:28 +0530
76012,New Oriental Education & Technology Group Inc.,New Oriental Education & Technology Group Inc.,,education,2021-07-28 20:31:28 +0530,2021-07-28 20:31:28 +0530
76013,CVS Health Corporation,CVS Health Corporation,,other,2021-07-28 20:31:28 +0530,2021-07-28 20:31:28 +0530
76014,Medtronic Plc,Medtronic Plc,,healthcare,2021-07-28 20:31:28 +0530,2021-07-28 20:31:28 +0530
76015,Transdigm Group,Transdigm Group,,defence,2021-07-28 20:31:29 +0530,2021-07-28 20:31:29 +0530
76017,Geely Auto Holdings Ltd.,Geely Auto Holdings Ltd.,,finance,2021-07-28 20:31:31 +0530,2021-07-28 20:31:31 +0530
76018,IDEXX Laboratories Inc Com,IDEXX Laboratories Inc Com,,healthcare,2021-07-28 20:31:31 +0530,2021-07-28 20:31:31 +0530
76019,Yum Brands Inc.,Yum Brands Inc.,,other,2021-07-28 20:31:31 +0530,2021-07-28 20:31:31 +0530
76020,Yum China Holdings Inc.,Yum China Holdings Inc.,,other,2021-07-28 20:31:31 +0530,2021-07-28 20:31:31 +0530
76021,Zimmer Biomet Holdings Inc.,Zimmer Biomet Holdings Inc.,,other,2021-07-28 20:31:31 +0530,2021-07-28 20:31:31 +0530
76022,L Brands Inc.,L Brands Inc.,,other,2021-07-28 20:31:31 +0530,2021-07-28 20:31:31 +0530
76025,Shin Etsu Chemical Co,Shin Etsu Chemical Co,,,2021-07-28 20:31:33 +0530,2021-07-28 20:31:33 +0530
76026,MercadoLibre Inc,MercadoLibre Inc,,,2021-07-28 20:31:33 +0530,2021-07-28 20:31:33 +0530
76027,Health and Happiness H&H International (Hong Kong),Health and Happiness H&H International (Hong Kong),,consumer_staples,2021-07-28 20:31:33 +0530,2021-07-28 20:31:33 +0530
76028,Xtep International Holdings Ltd.,Xtep International Holdings Ltd.,,finance,2021-07-28 20:31:33 +0530,2021-07-28 20:31:33 +0530
76030,Twitter Inc.,Twitter Inc.,,other,2021-07-28 20:31:33 +0530,2021-07-28 20:31:33 +0530
76032,CK Assets Holding Ltd.,CK Assets Holding Ltd.,,finance,2021-07-28 20:31:34 +0530,2021-07-28 20:31:34 +0530
76033,WH Group Ltd.,WH Group Ltd.,,consumer_staples,2021-07-28 20:31:34 +0530,2021-07-28 20:31:34 +0530
76034,Tesla Inc.,Tesla Inc.,,auto,2021-07-28 20:31:34 +0530,2021-07-28 20:31:34 +0530
76035,Veeva Systems Inc.,Veeva Systems Inc.,,healthcare,2021-07-28 20:31:34 +0530,2021-07-28 20:31:34 +0530
76036,Align Technology Inc Com,Align Technology Inc Com,,healthcare,2021-07-28 20:31:34 +0530,2021-07-28 20:31:34 +0530
76037,Indocement Tunggal Prakarsa Tbk PT,Indocement Tunggal Prakarsa Tbk PT,,construction,2021-07-28 20:31:34 +0530,2021-07-28 20:31:34 +0530
76038,Semen Indonesia (Persero) Tbk PT,Semen Indonesia (Persero) Tbk PT,,construction,2021-07-28 20:31:34 +0530,2021-07-28 20:31:34 +0530
76039,Elekta AB,Elekta AB,,other,2021-07-28 20:31:34 +0530,2021-07-28 20:31:34 +0530
76040,Iqvia Holdings,Iqvia Holdings,,finance,2021-07-28 20:31:34 +0530,2021-07-28 20:31:34 +0530
76041,Wharf Real Estate Investment Company Ltd.,Wharf Real Estate Investment Company Ltd.,,real_estate,2021-07-28 20:31:34 +0530,2021-07-28 20:31:34 +0530
76042,Cadence Design Systems Inc,Cadence Design Systems Inc,,,2021-07-28 20:31:35 +0530,2021-07-28 20:31:35 +0530
76043,Synopsys Inc Com,Synopsys Inc Com,,,2021-07-28 20:31:35 +0530,2021-07-28 20:31:35 +0530
76044,Take-Two Interactive Software Inc,Take-Two Interactive Software Inc,,,2021-07-28 20:31:35 +0530,2021-07-28 20:31:35 +0530
76045,Workday Inc Class A,Workday Inc Class A,,,2021-07-28 20:31:35 +0530,2021-07-28 20:31:35 +0530
76046,Guidewire Software Inc.,Guidewire Software Inc.,,,2021-07-28 20:31:35 +0530,2021-07-28 20:31:35 +0530
76047,Sunny Optical Technology Group Co Ltd.,Sunny Optical Technology Group Co Ltd.,,industrial_equipment,2021-07-28 20:31:35 +0530,2021-07-28 20:31:35 +0530
76048,Country Garden Holdings Co Ltd.,Country Garden Holdings Co Ltd.,,finance,2021-07-28 20:31:35 +0530,2021-07-28 20:31:35 +0530
76051,Nutrien Ltd.,Nutrien Ltd.,,agriculture,2021-07-28 20:31:35 +0530,2021-07-28 20:31:35 +0530
76052,Enbridge Inc,Enbridge Inc,,energy_production,2021-07-28 20:31:35 +0530,2021-07-28 20:31:35 +0530
76053,Anthem INC,Anthem INC,,consumer_discretionary,2021-07-28 20:31:36 +0530,2021-07-28 20:31:36 +0530
76054,Booking holdings Inc,Booking holdings Inc,,finance,2021-07-28 20:31:36 +0530,2021-07-28 20:31:36 +0530
76056,Cheniere Energy Inc.,Cheniere Energy Inc.,,utilities,2021-07-28 20:31:36 +0530,2021-07-28 20:31:36 +0530
76057,BDO Unibank Inc.,BDO Unibank Inc.,,other,2021-07-28 20:31:37 +0530,2021-07-28 20:31:37 +0530
76058,ABB Ltd. (Switzerland),ABB Ltd. (Switzerland),,industrial_equipment,2021-07-28 20:31:37 +0530,2021-07-28 20:31:37 +0530
76059,Campbell Soup Company,Campbell Soup Company,,consumer_staples,2021-07-28 20:31:37 +0530,2021-07-28 20:31:37 +0530
76060,Dominion Energy Inc.,Dominion Energy Inc.,,industrial_equipment,2021-07-28 20:31:37 +0530,2021-07-28 20:31:37 +0530
76061,General Mills Inc.,General Mills Inc.,,consumer_staples,2021-07-28 20:31:37 +0530,2021-07-28 20:31:37 +0530
76063,Primax Electronics Ltd.,Primax Electronics Ltd.,,electronics,2021-07-28 20:31:37 +0530,2021-07-28 20:31:37 +0530
76064,SM Prime Holdings,SM Prime Holdings,,other,2021-07-28 20:31:37 +0530,2021-07-28 20:31:37 +0530
76065,Unilever PLC,Unilever PLC,,consumer_staples,2021-07-28 20:31:37 +0530,2021-07-28 20:31:37 +0530
76066,Grupo Aeroportuario del Pacifico SAB de CV,Grupo Aeroportuario del Pacifico SAB de CV,,other,2021-07-28 20:31:37 +0530,2021-07-28 20:31:37 +0530
76067,SAFRAN SA,SAFRAN SA,,other,2021-07-28 20:31:37 +0530,2021-07-28 20:31:37 +0530
76068,ROYAL BANK OF CANADA,ROYAL BANK OF CANADA,,finance,2021-07-28 20:31:37 +0530,2021-07-28 20:31:37 +0530
76069,Julius Baer Group Ltd.,Julius Baer Group Ltd.,,finance,2021-07-28 20:31:37 +0530,2021-07-28 20:31:37 +0530
76070,Hershey Co/The,Hershey Co/The,,consumer_staples,2021-07-28 20:31:37 +0530,2021-07-28 20:31:37 +0530
76071,Novartis AG,Novartis AG,,healthcare,2021-07-28 20:31:38 +0530,2021-07-28 20:31:38 +0530
76072,Bristol-Myers Squibb Co,Bristol-Myers Squibb Co,,healthcare,2021-07-28 20:31:38 +0530,2021-07-28 20:31:38 +0530
76075,Samsung Electronics,Samsung Electronics,,electronics,2021-07-28 20:31:38 +0530,2021-07-28 20:31:38 +0530
76076,Colgate-Palmolive Co - (Overseas),Colgate-Palmolive Co - (Overseas),,consumer_staples,2021-07-28 20:31:38 +0530,2021-07-28 20:31:38 +0530
76077,Asahi Group Holdings Ltd.,Asahi Group Holdings Ltd.,,finance,2021-07-28 20:31:40 +0530,2021-07-28 20:31:40 +0530
76078,Nihon M&A Center Inc,Nihon M&A Center Inc,,other,2021-07-28 20:31:40 +0530,2021-07-28 20:31:40 +0530
76079,Recruit Holdings Co Ltd,Recruit Holdings Co Ltd,,finance,2021-07-28 20:31:40 +0530,2021-07-28 20:31:40 +0530
76080,Sekisui Chemical Co Ltd,Sekisui Chemical Co Ltd,,,2021-07-28 20:31:40 +0530,2021-07-28 20:31:40 +0530
76081,SMC Corp,SMC Corp,,industrial_equipment,2021-07-28 20:31:40 +0530,2021-07-28 20:31:40 +0530
76082,Tokyo Electron Ltd,Tokyo Electron Ltd,,electronics,2021-07-28 20:31:40 +0530,2021-07-28 20:31:40 +0530
76083,Trend Micro Inc,Trend Micro Inc,,,2021-07-28 20:31:40 +0530,2021-07-28 20:31:40 +0530
76084,Fanhua Inc,Fanhua Inc,,other,2021-07-28 20:31:40 +0530,2021-07-28 20:31:40 +0530
76086,Sino Biopharmaceutical Ltd.,Sino Biopharmaceutical Ltd.,,healthcare,2021-07-28 20:31:42 +0530,2021-07-28 20:31:42 +0530
76087,ServiceNow Inc,ServiceNow Inc,,,2021-07-28 20:31:42 +0530,2021-07-28 20:31:42 +0530
76089,Allegion PLC,Allegion PLC,,other,2021-07-28 20:31:43 +0530,2021-07-28 20:31:43 +0530
76090,Essilor Luxottica,Essilor Luxottica,,other,2021-07-28 20:31:43 +0530,2021-07-28 20:31:43 +0530
76091,Glaxo SmithKline plc,Glaxo SmithKline plc,,healthcare,2021-07-28 20:31:43 +0530,2021-07-28 20:31:43 +0530
76095,Rockwell Automation Inc,Rockwell Automation Inc,,industrial_equipment,2021-07-28 20:31:43 +0530,2021-07-28 20:31:43 +0530
76097,Xcel Energy Inc Com,Xcel Energy Inc Com,,utilities,2021-07-28 20:31:43 +0530,2021-07-28 20:31:43 +0530
76098,Ball Corp,Ball Corp,,packaging,2021-07-28 20:31:44 +0530,2021-07-28 20:31:44 +0530
76099,Cigna Corporation,Cigna Corporation,,healthcare,2021-07-28 20:31:44 +0530,2021-07-28 20:31:44 +0530
76100,Advanced Micro Devices Com,Advanced Micro Devices Com,,industrial_equipment,2021-07-28 20:31:44 +0530,2021-07-28 20:31:44 +0530
76101,Lululemon Athletica Inc Com,Lululemon Athletica Inc Com,,textile,2021-07-28 20:31:44 +0530,2021-07-28 20:31:44 +0530
76102,United Continental Holdings,United Continental Holdings,,finance,2021-07-28 20:31:44 +0530,2021-07-28 20:31:44 +0530
76103,Willis Towers Watson PLC,Willis Towers Watson PLC,,other,2021-07-28 20:31:44 +0530,2021-07-28 20:31:44 +0530
76104,Equifax Inc,Equifax Inc,,other,2021-07-28 20:31:44 +0530,2021-07-28 20:31:44 +0530
76106,Kweichow Moutai Co. Ltd.,Kweichow Moutai Co. Ltd.,,consumer_discretionary,2021-07-28 20:31:44 +0530,2021-07-28 20:31:44 +0530
76107,International Paper Co,International Paper Co,,packaging,2021-07-28 20:31:45 +0530,2021-07-28 20:31:45 +0530
76108,Thermo Fisher Scientific Inc,Thermo Fisher Scientific Inc,,other,2021-07-28 20:31:45 +0530,2021-07-28 20:31:45 +0530
76109,CK Infrastructure Holdings,CK Infrastructure Holdings,,finance,2021-07-28 20:31:45 +0530,2021-07-28 20:31:45 +0530
76110,LINK REIT NPV,LINK REIT NPV,,retail,2021-07-28 20:31:45 +0530,2021-07-28 20:31:45 +0530
76111,Abbott Laboratories,Abbott Laboratories,,healthcare,2021-07-28 20:31:45 +0530,2021-07-28 20:31:45 +0530
76112,Abiomed Inc,Abiomed Inc,,healthcare,2021-07-28 20:31:45 +0530,2021-07-28 20:31:45 +0530
76113,Hunt J B Trans Com,Hunt J B Trans Com,,logistics,2021-07-28 20:31:45 +0530,2021-07-28 20:31:45 +0530
76114,Liberty Global Plc,Liberty Global Plc,,telecom,2021-07-28 20:31:45 +0530,2021-07-28 20:31:45 +0530
76115,Ulta Beauty Inc,Ulta Beauty Inc,,retail,2021-07-28 20:31:45 +0530,2021-07-28 20:31:45 +0530
76116,FOX-Registered Shares-B,FOX-Registered Shares-B,,media,2021-07-28 20:31:46 +0530,2021-07-28 20:31:46 +0530
76117,FOX-Registered Shares-A,FOX-Registered Shares-A,,media,2021-07-28 20:31:46 +0530,2021-07-28 20:31:46 +0530
76118,Autozone INC,Autozone INC,,auto,2021-07-28 20:31:46 +0530,2021-07-28 20:31:46 +0530
76120,Home Depot Inc,Home Depot Inc,,retail,2021-07-28 20:31:46 +0530,2021-07-28 20:31:46 +0530
76121,NASDAQ INC,NASDAQ INC,,finance,2021-07-28 20:31:46 +0530,2021-07-28 20:31:46 +0530
76122,Roper Technologies Inc,Roper Technologies Inc,,,2021-07-28 20:31:46 +0530,2021-07-28 20:31:46 +0530
76123,Fortive Corp,Fortive Corp,,industrial_equipment,2021-07-28 20:31:46 +0530,2021-07-28 20:31:46 +0530
76124,Canadian Pacific Railway Ltd,Canadian Pacific Railway Ltd,,other,2021-07-28 20:31:46 +0530,2021-07-28 20:31:46 +0530
76125,Assa Abloy,Assa Abloy,,other,2021-07-28 20:31:46 +0530,2021-07-28 20:31:46 +0530
76126,Lyft Inc,Lyft Inc,,restaurants,2021-07-28 20:31:47 +0530,2021-07-28 20:31:47 +0530
76127,Uber Technologies Inc,Uber Technologies Inc,,restaurants,2021-07-28 20:31:47 +0530,2021-07-28 20:31:47 +0530
76128,HCA Healthcare INC,HCA Healthcare INC,,healthcare,2021-07-28 20:31:47 +0530,2021-07-28 20:31:47 +0530
76129,Adidas AG - Sponsored,Adidas AG - Sponsored,,textile,2021-07-28 20:31:47 +0530,2021-07-28 20:31:47 +0530
76130,ALCON INC,ALCON INC,,other,2021-07-28 20:31:47 +0530,2021-07-28 20:31:47 +0530
76131,Arti Surfactants Ltd.,Arti Surfactants Ltd.,,other,2021-07-28 20:31:47 +0530,2021-07-28 20:31:47 +0530
76133,Shimadzu Corporation,Shimadzu Corporation,,industrial_equipment,2021-07-28 20:31:47 +0530,2021-07-28 20:31:47 +0530
76134,L'OREAL,L'OREAL,,consumer_staples,2021-07-28 20:31:47 +0530,2021-07-28 20:31:47 +0530
76137,Cisco Systems Inc,Cisco Systems Inc,,infrastructure,2021-07-28 20:31:47 +0530,2021-07-28 20:31:47 +0530
76143,Avenue Therapeutics Inc,Avenue Therapeutics Inc,,other,2021-07-28 20:31:48 +0530,2021-07-28 20:31:48 +0530
76144,Cie Financiere Richemont SA,Cie Financiere Richemont SA,,other,2021-07-28 20:31:48 +0530,2021-07-28 20:31:48 +0530
76145,Novo Nordisk A/S,Novo Nordisk A/S,,healthcare,2021-07-28 20:31:48 +0530,2021-07-28 20:31:48 +0530
76146,Trip.Com Group Ltd.,Trip.Com Group Ltd.,,retail,2021-07-28 20:31:48 +0530,2021-07-28 20:31:48 +0530
76147,Nortonlifelock Inc.,Nortonlifelock Inc.,,,2021-07-28 20:31:48 +0530,2021-07-28 20:31:48 +0530
76148,Microchip Technology Inc,Microchip Technology Inc,,industrial_equipment,2021-07-28 20:31:48 +0530,2021-07-28 20:31:48 +0530
76151,Ansys,Ansys,,other,2021-07-28 20:31:49 +0530,2021-07-28 20:31:49 +0530
76152,CDW Corporation,CDW Corporation,,other,2021-07-28 20:31:49 +0530,2021-07-28 20:31:49 +0530
76153,Copart,Copart,,other,2021-07-28 20:31:49 +0530,2021-07-28 20:31:49 +0530
76154,Costar Group,Costar Group,,other,2021-07-28 20:31:49 +0530,2021-07-28 20:31:49 +0530
76155,Seattle Genetics,Seattle Genetics,,other,2021-07-28 20:31:49 +0530,2021-07-28 20:31:49 +0530
76156,Splunk Inc,Splunk Inc,,other,2021-07-28 20:31:49 +0530,2021-07-28 20:31:49 +0530
76157,Corteva Inc,Corteva Inc,,other,2021-07-28 20:31:49 +0530,2021-07-28 20:31:49 +0530
76158,Quantum Information Systems,Quantum Information Systems,,other,2021-07-28 20:31:49 +0530,2021-07-28 20:31:49 +0530
76160,Tyler Technologies Inc,Tyler Technologies Inc,,,2021-07-28 20:31:50 +0530,2021-07-28 20:31:50 +0530
76161,China Resources Cement Holdings Ltd.,China Resources Cement Holdings Ltd.,,finance,2021-07-28 20:31:50 +0530,2021-07-28 20:31:50 +0530
76163,Bunzl PLC.,Bunzl PLC.,,trading,2021-07-28 20:31:50 +0530,2021-07-28 20:31:50 +0530
76164,Lyondellbasell Indu-CL A,Lyondellbasell Indu-CL A,,other,2021-07-28 20:31:50 +0530,2021-07-28 20:31:50 +0530
76166,Banco Bilbao Vizcaya,Banco Bilbao Vizcaya,,finance,2021-07-28 20:31:51 +0530,2021-07-28 20:31:51 +0530
76167,Danone-Spons,Danone-Spons,,other,2021-07-28 20:31:51 +0530,2021-07-28 20:31:51 +0530
76168,Dollar General Corporation,Dollar General Corporation,,retail,2021-07-28 20:31:51 +0530,2021-07-28 20:31:51 +0530
76169,Ingersoll Rand Inc,Ingersoll Rand Inc,,industrial_equipment,2021-07-28 20:31:51 +0530,2021-07-28 20:31:51 +0530
76170,Lonza Group Ag,Lonza Group Ag,,other,2021-07-28 20:31:51 +0530,2021-07-28 20:31:51 +0530
76171,Raia Drogasil,Raia Drogasil,,retail,2021-07-28 20:31:51 +0530,2021-07-28 20:31:51 +0530
76172,Spirax-Sarco Engineering PLC,Spirax-Sarco Engineering PLC,,industrial_equipment,2021-07-28 20:31:51 +0530,2021-07-28 20:31:51 +0530
76173,Taiwan Semiconductor,Taiwan Semiconductor,,other,2021-07-28 20:31:51 +0530,2021-07-28 20:31:51 +0530
76174,Tomra Systems,Tomra Systems,,other,2021-07-28 20:31:51 +0530,2021-07-28 20:31:51 +0530
76175,Trane Technologies Plc,Trane Technologies Plc,,other,2021-07-28 20:31:51 +0530,2021-07-28 20:31:51 +0530
76176,Whitbread PLC,Whitbread PLC,,travel_lodging,2021-07-28 20:31:51 +0530,2021-07-28 20:31:51 +0530
76177,Boeing Co,Boeing Co,,defence,2021-07-28 20:31:51 +0530,2021-07-28 20:31:51 +0530
76178,Diageo plc,Diageo plc,,consumer_discretionary,2021-07-28 20:31:51 +0530,2021-07-28 20:31:51 +0530
76179,ING (L) Invest Global Real Estate - I Cap USD,ING (L) Invest Global Real Estate - I Cap USD,,finance,2021-07-28 20:31:51 +0530,2021-07-28 20:31:51 +0530
76180,Julius Baer Equity Next Generation - USD Class C Shares,Julius Baer Equity Next Generation - USD Class C Shares,,finance,2021-07-28 20:31:51 +0530,2021-07-28 20:31:51 +0530
76181,Apple Inc Com,Apple Inc Com,,electronics,2021-07-28 20:31:51 +0530,2021-07-28 20:31:51 +0530
76182,First Republic Bank,First Republic Bank,,finance,2021-07-28 20:31:51 +0530,2021-07-28 20:31:51 +0530
76183,Advance Auto Parts Inc,Advance Auto Parts Inc,,retail,2021-07-28 20:31:51 +0530,2021-07-28 20:31:51 +0530
76184,AES Corp,AES Corp,,utilities,2021-07-28 20:31:51 +0530,2021-07-28 20:31:51 +0530
76185,Agilent Technologies Inc,Agilent Technologies Inc,,other,2021-07-28 20:31:51 +0530,2021-07-28 20:31:51 +0530
76186,Air Products & Chemicals Inc,Air Products & Chemicals Inc,,,2021-07-28 20:31:51 +0530,2021-07-28 20:31:51 +0530
76187,Alaska Air Group Inc,Alaska Air Group Inc,,travel_lodging,2021-07-28 20:31:51 +0530,2021-07-28 20:31:51 +0530
76188,Albemarle Corp,Albemarle Corp,,,2021-07-28 20:31:51 +0530,2021-07-28 20:31:51 +0530
76189,Alexandria Real Estate Equities Inc,Alexandria Real Estate Equities Inc,,other,2021-07-28 20:31:51 +0530,2021-07-28 20:31:51 +0530
76190,Allstate Corp,Allstate Corp,,finance,2021-07-28 20:31:51 +0530,2021-07-28 20:31:51 +0530
76191,Ameren Corp,Ameren Corp,,other,2021-07-28 20:31:51 +0530,2021-07-28 20:31:51 +0530
76192,American Electric Power Co Inc,American Electric Power Co Inc,,industrial_equipment,2021-07-28 20:31:51 +0530,2021-07-28 20:31:51 +0530
76193,American International Group Inc,American International Group Inc,,finance,2021-07-28 20:31:51 +0530,2021-07-28 20:31:51 +0530
76194,American Tower Corp,American Tower Corp,,other,2021-07-28 20:31:52 +0530,2021-07-28 20:31:52 +0530
76195,Ameriprise Financial Inc,Ameriprise Financial Inc,,finance,2021-07-28 20:31:52 +0530,2021-07-28 20:31:52 +0530
76196,AMETEK Inc,AMETEK Inc,,industrial_equipment,2021-07-28 20:31:52 +0530,2021-07-28 20:31:52 +0530
76197,Amphenol Corp,Amphenol Corp,,industrial_equipment,2021-07-28 20:31:52 +0530,2021-07-28 20:31:52 +0530
76198,AO Smith Corp,AO Smith Corp,,other,2021-07-28 20:31:52 +0530,2021-07-28 20:31:52 +0530
76199,Aon plc,Aon plc,,finance,2021-07-28 20:31:52 +0530,2021-07-28 20:31:52 +0530
76200,Apartment Investment & Management Co,Apartment Investment & Management Co,,other,2021-07-28 20:31:52 +0530,2021-07-28 20:31:52 +0530
76201,Aptiv PLC,Aptiv PLC,,auto,2021-07-28 20:31:52 +0530,2021-07-28 20:31:52 +0530
76202,Arista Networks Inc,Arista Networks Inc,,infrastructure,2021-07-28 20:31:52 +0530,2021-07-28 20:31:52 +0530
76203,Arthur J Gallagher & Co,Arthur J Gallagher & Co,,finance,2021-07-28 20:31:52 +0530,2021-07-28 20:31:52 +0530
76204,Assurant Inc,Assurant Inc,,finance,2021-07-28 20:31:52 +0530,2021-07-28 20:31:52 +0530
76205,AT&T Inc,AT&T Inc,,telecom,2021-07-28 20:31:52 +0530,2021-07-28 20:31:52 +0530
76206,Atmos Energy Corp,Atmos Energy Corp,,utilities,2021-07-28 20:31:52 +0530,2021-07-28 20:31:52 +0530
76207,AvalonBay Communities Inc,AvalonBay Communities Inc,,other,2021-07-28 20:31:52 +0530,2021-07-28 20:31:52 +0530
76208,Avery Dennison Corp,Avery Dennison Corp,,packaging,2021-07-28 20:31:52 +0530,2021-07-28 20:31:52 +0530
76209,Becton Dickinson and Co,Becton Dickinson and Co,,healthcare,2021-07-28 20:31:52 +0530,2021-07-28 20:31:52 +0530
76210,Best Buy Co Inc,Best Buy Co Inc,,retail,2021-07-28 20:31:52 +0530,2021-07-28 20:31:52 +0530
76211,BorgWarner Inc,BorgWarner Inc,,auto,2021-07-28 20:31:52 +0530,2021-07-28 20:31:52 +0530
76212,Boston Properties Inc,Boston Properties Inc,,other,2021-07-28 20:31:52 +0530,2021-07-28 20:31:52 +0530
76213,Boston Scientific Corp,Boston Scientific Corp,,healthcare,2021-07-28 20:31:52 +0530,2021-07-28 20:31:52 +0530
76214,Broadridge Financial Solutions Inc,Broadridge Financial Solutions Inc,,,2021-07-28 20:31:52 +0530,2021-07-28 20:31:52 +0530
76215,Brown-Forman Corp,Brown-Forman Corp,,consumer_staples,2021-07-28 20:31:52 +0530,2021-07-28 20:31:52 +0530
76216,Cabot Oil & Gas Corp,Cabot Oil & Gas Corp,,energy_production,2021-07-28 20:31:52 +0530,2021-07-28 20:31:52 +0530
76217,Capital One Financial Corp,Capital One Financial Corp,,finance,2021-07-28 20:31:52 +0530,2021-07-28 20:31:52 +0530
76218,Carnival Corp,Carnival Corp,,travel_lodging,2021-07-28 20:31:52 +0530,2021-07-28 20:31:52 +0530
76219,Carrier Global Corp,Carrier Global Corp,,other,2021-07-28 20:31:52 +0530,2021-07-28 20:31:52 +0530
76220,Cboe Global Markets Inc,Cboe Global Markets Inc,,finance,2021-07-28 20:31:52 +0530,2021-07-28 20:31:52 +0530
76221,Celanese Corp,Celanese Corp,,,2021-07-28 20:31:52 +0530,2021-07-28 20:31:52 +0530
76222,Centene Corp,Centene Corp,,healthcare,2021-07-28 20:31:52 +0530,2021-07-28 20:31:52 +0530
76223,CenterPoint Energy Inc,CenterPoint Energy Inc,,other,2021-07-28 20:31:52 +0530,2021-07-28 20:31:52 +0530
76224,Chipotle Mexican Grill Inc,Chipotle Mexican Grill Inc,,travel_lodging,2021-07-28 20:31:52 +0530,2021-07-28 20:31:52 +0530
76225,Church & Dwight Co Inc,Church & Dwight Co Inc,,consumer_staples,2021-07-28 20:31:52 +0530,2021-07-28 20:31:52 +0530
76226,Cincinnati Financial Corp,Cincinnati Financial Corp,,finance,2021-07-28 20:31:52 +0530,2021-07-28 20:31:52 +0530
76227,Citigroup Inc,Citigroup Inc,,finance,2021-07-28 20:31:52 +0530,2021-07-28 20:31:52 +0530
76228,Citizens Financial Group Inc,Citizens Financial Group Inc,,finance,2021-07-28 20:31:52 +0530,2021-07-28 20:31:52 +0530
76229,CMS Energy Corp,CMS Energy Corp,,other,2021-07-28 20:31:52 +0530,2021-07-28 20:31:52 +0530
76230,Comerica Inc,Comerica Inc,,finance,2021-07-28 20:31:52 +0530,2021-07-28 20:31:52 +0530
76231,Conagra Brands Inc,Conagra Brands Inc,,consumer_staples,2021-07-28 20:31:52 +0530,2021-07-28 20:31:52 +0530
76232,Concho Resources Inc,Concho Resources Inc,,energy_production,2021-07-28 20:31:52 +0530,2021-07-28 20:31:52 +0530
76233,ConocoPhillips,ConocoPhillips,,energy_production,2021-07-28 20:31:52 +0530,2021-07-28 20:31:52 +0530
76234,Consolidated Edison Inc,Consolidated Edison Inc,,other,2021-07-28 20:31:52 +0530,2021-07-28 20:31:52 +0530
76235,Corning Inc,Corning Inc,,industrial_equipment,2021-07-28 20:31:52 +0530,2021-07-28 20:31:52 +0530
76236,Coty Inc,Coty Inc,,other,2021-07-28 20:31:52 +0530,2021-07-28 20:31:52 +0530
76237,Crown Castle International Corp,Crown Castle International Corp,,other,2021-07-28 20:31:52 +0530,2021-07-28 20:31:52 +0530
76238,Cummins Inc,Cummins Inc,,industrial_equipment,2021-07-28 20:31:52 +0530,2021-07-28 20:31:52 +0530
76239,Darden Restaurants Inc,Darden Restaurants Inc,,travel_lodging,2021-07-28 20:31:52 +0530,2021-07-28 20:31:52 +0530
76240,DaVita Inc,DaVita Inc,,healthcare,2021-07-28 20:31:52 +0530,2021-07-28 20:31:52 +0530
76241,Devon Energy Corp,Devon Energy Corp,,energy_production,2021-07-28 20:31:52 +0530,2021-07-28 20:31:52 +0530
76242,Diamondback Energy Inc,Diamondback Energy Inc,,energy_production,2021-07-28 20:31:52 +0530,2021-07-28 20:31:52 +0530
76243,Digital Realty Trust Inc,Digital Realty Trust Inc,,finance,2021-07-28 20:31:52 +0530,2021-07-28 20:31:52 +0530
76244,Discovery Inc A,Discovery Inc A,,media,2021-07-28 20:31:52 +0530,2021-07-28 20:31:52 +0530
76245,Discovery Inc C,Discovery Inc C,,media,2021-07-28 20:31:52 +0530,2021-07-28 20:31:52 +0530
76246,Dover Corp,Dover Corp,,industrial_equipment,2021-07-28 20:31:52 +0530,2021-07-28 20:31:52 +0530
76247,Dow Inc,Dow Inc,,,2021-07-28 20:31:52 +0530,2021-07-28 20:31:52 +0530
76248,DR Horton Inc,DR Horton Inc,,real_estate,2021-07-28 20:31:52 +0530,2021-07-28 20:31:52 +0530
76249,DTE Energy Co,DTE Energy Co,,other,2021-07-28 20:31:52 +0530,2021-07-28 20:31:52 +0530
76250,Duke Energy Corp,Duke Energy Corp,,industrial_equipment,2021-07-28 20:31:52 +0530,2021-07-28 20:31:52 +0530
76251,Duke Realty Corp,Duke Realty Corp,,other,2021-07-28 20:31:52 +0530,2021-07-28 20:31:52 +0530
76252,DuPont de Nemours Inc,DuPont de Nemours Inc,,,2021-07-28 20:31:52 +0530,2021-07-28 20:31:52 +0530
76253,DXC Technology Co,DXC Technology Co,,,2021-07-28 20:31:52 +0530,2021-07-28 20:31:52 +0530
76254,Eaton Corp PLC,Eaton Corp PLC,,industrial_equipment,2021-07-28 20:31:53 +0530,2021-07-28 20:31:53 +0530
76255,Edison International,Edison International,,industrial_equipment,2021-07-28 20:31:53 +0530,2021-07-28 20:31:53 +0530
76256,Edwards Lifesciences Corp,Edwards Lifesciences Corp,,healthcare,2021-07-28 20:31:53 +0530,2021-07-28 20:31:53 +0530
76257,Entergy Corp,Entergy Corp,,industrial_equipment,2021-07-28 20:31:53 +0530,2021-07-28 20:31:53 +0530
76258,Equity Residential,Equity Residential,,other,2021-07-28 20:31:53 +0530,2021-07-28 20:31:53 +0530
76259,Essex Property Trust Inc,Essex Property Trust Inc,,finance,2021-07-28 20:31:53 +0530,2021-07-28 20:31:53 +0530
76260,ETRADE Financial Corp,ETRADE Financial Corp,,other,2021-07-28 20:31:53 +0530,2021-07-28 20:31:53 +0530
76261,Everest Re Group Ltd,Everest Re Group Ltd,,finance,2021-07-28 20:31:53 +0530,2021-07-28 20:31:53 +0530
76262,Evergy Inc,Evergy Inc,,industrial_equipment,2021-07-28 20:31:53 +0530,2021-07-28 20:31:53 +0530
76263,Eversource Energy,Eversource Energy,,industrial_equipment,2021-07-28 20:31:53 +0530,2021-07-28 20:31:53 +0530
76264,Extra Space Storage Inc,Extra Space Storage Inc,,other,2021-07-28 20:31:53 +0530,2021-07-28 20:31:53 +0530
76265,Federal Realty Investment Trust,Federal Realty Investment Trust,,finance,2021-07-28 20:31:53 +0530,2021-07-28 20:31:53 +0530
76266,Fidelity National Information Services,Fidelity National Information Services,,,2021-07-28 20:31:53 +0530,2021-07-28 20:31:53 +0530
76267,Fifth Third Bancorp,Fifth Third Bancorp,,finance,2021-07-28 20:31:53 +0530,2021-07-28 20:31:53 +0530
76268,FirstEnergy Corp,FirstEnergy Corp,,industrial_equipment,2021-07-28 20:31:53 +0530,2021-07-28 20:31:53 +0530
76269,FleetCor Technologies Inc,FleetCor Technologies Inc,,,2021-07-28 20:31:53 +0530,2021-07-28 20:31:53 +0530
76270,Flowserve Corp,Flowserve Corp,,industrial_equipment,2021-07-28 20:31:53 +0530,2021-07-28 20:31:53 +0530
76271,Fortinet Inc,Fortinet Inc,,,2021-07-28 20:31:53 +0530,2021-07-28 20:31:53 +0530
76272,Fortune Brands Home & Security Inc,Fortune Brands Home & Security Inc,,other,2021-07-28 20:31:53 +0530,2021-07-28 20:31:53 +0530
76273,Gap Inc,Gap Inc,,retail,2021-07-28 20:31:53 +0530,2021-07-28 20:31:53 +0530
76274,Gartner Inc,Gartner Inc,,,2021-07-28 20:31:53 +0530,2021-07-28 20:31:53 +0530
76275,General Motors Co,General Motors Co,,auto,2021-07-28 20:31:53 +0530,2021-07-28 20:31:53 +0530
76276,Genuine Parts Co,Genuine Parts Co,,trading,2021-07-28 20:31:53 +0530,2021-07-28 20:31:53 +0530
76277,Global Payments Inc,Global Payments Inc,,,2021-07-28 20:31:53 +0530,2021-07-28 20:31:53 +0530
76278,Globe Life Inc,Globe Life Inc,,finance,2021-07-28 20:31:53 +0530,2021-07-28 20:31:53 +0530
76279,Goldman Sachs Group Inc,Goldman Sachs Group Inc,,finance,2021-07-28 20:31:53 +0530,2021-07-28 20:31:53 +0530
76280,H.& R.Block Inc,H.& R.Block Inc,,other,2021-07-28 20:31:53 +0530,2021-07-28 20:31:53 +0530
76281,Healthpeak Properties Inc,Healthpeak Properties Inc,,other,2021-07-28 20:31:53 +0530,2021-07-28 20:31:53 +0530
76282,Hilton Worldwide Holdings Inc,Hilton Worldwide Holdings Inc,,finance,2021-07-28 20:31:53 +0530,2021-07-28 20:31:53 +0530
76283,HollyFrontier Corp,HollyFrontier Corp,,energy_production,2021-07-28 20:31:53 +0530,2021-07-28 20:31:53 +0530
76284,Hormel Foods Corp,Hormel Foods Corp,,consumer_staples,2021-07-28 20:31:53 +0530,2021-07-28 20:31:53 +0530
76285,Host Hotels & Resorts Inc,Host Hotels & Resorts Inc,,other,2021-07-28 20:31:53 +0530,2021-07-28 20:31:53 +0530
76286,Howmet Aerospace Inc,Howmet Aerospace Inc,,defence,2021-07-28 20:31:53 +0530,2021-07-28 20:31:53 +0530
76287,Humana Inc,Humana Inc,,healthcare,2021-07-28 20:31:53 +0530,2021-07-28 20:31:53 +0530
76288,Huntington Bancshares Inc,Huntington Bancshares Inc,,finance,2021-07-28 20:31:53 +0530,2021-07-28 20:31:53 +0530
76289,IHS Markit Ltd,IHS Markit Ltd,,other,2021-07-28 20:31:53 +0530,2021-07-28 20:31:53 +0530
76290,Illinois Tool Works Inc,Illinois Tool Works Inc,,industrial_equipment,2021-07-28 20:31:53 +0530,2021-07-28 20:31:53 +0530
76291,International Flavors & Fragrances Inc,International Flavors & Fragrances Inc,,,2021-07-28 20:31:53 +0530,2021-07-28 20:31:53 +0530
76292,Invesco Ltd,Invesco Ltd,,finance,2021-07-28 20:31:53 +0530,2021-07-28 20:31:53 +0530
76293,IPG Photonics Corp,IPG Photonics Corp,,industrial_equipment,2021-07-28 20:31:53 +0530,2021-07-28 20:31:53 +0530
76294,Iron Mountain Inc,Iron Mountain Inc,,other,2021-07-28 20:31:53 +0530,2021-07-28 20:31:53 +0530
76295,Jack Henry & Associates Inc,Jack Henry & Associates Inc,,,2021-07-28 20:31:53 +0530,2021-07-28 20:31:53 +0530
76296,Jacobs Engineering Group Inc,Jacobs Engineering Group Inc,,construction,2021-07-28 20:31:53 +0530,2021-07-28 20:31:53 +0530
76297,JM Smucker Co/The,JM Smucker Co/The,,consumer_staples,2021-07-28 20:31:53 +0530,2021-07-28 20:31:53 +0530
76298,Johnson Controls International PLC,Johnson Controls International PLC,,other,2021-07-28 20:31:53 +0530,2021-07-28 20:31:53 +0530
76299,Juniper Networks Inc,Juniper Networks Inc,,infrastructure,2021-07-28 20:31:53 +0530,2021-07-28 20:31:53 +0530
76300,KeyCorp,KeyCorp,,finance,2021-07-28 20:31:53 +0530,2021-07-28 20:31:53 +0530
76301,Keysight Technologies Inc,Keysight Technologies Inc,,industrial_equipment,2021-07-28 20:31:53 +0530,2021-07-28 20:31:53 +0530
76302,Kimberly-Clark Corp,Kimberly-Clark Corp,,consumer_staples,2021-07-28 20:31:53 +0530,2021-07-28 20:31:53 +0530
76303,Kimco Realty Corp,Kimco Realty Corp,,other,2021-07-28 20:31:53 +0530,2021-07-28 20:31:53 +0530
76304,Kohl's Corp,Kohl's Corp,,other,2021-07-28 20:31:53 +0530,2021-07-28 20:31:53 +0530
76305,L3Harris Technologies Inc,L3Harris Technologies Inc,,defence,2021-07-28 20:31:53 +0530,2021-07-28 20:31:53 +0530
76306,Laboratory Corp Of America Holdings,Laboratory Corp Of America Holdings,,finance,2021-07-28 20:31:53 +0530,2021-07-28 20:31:53 +0530
76307,Lamb Weston Holdings Inc,Lamb Weston Holdings Inc,,finance,2021-07-28 20:31:53 +0530,2021-07-28 20:31:53 +0530
76308,Las Vegas Sands Corp,Las Vegas Sands Corp,,travel_lodging,2021-07-28 20:31:53 +0530,2021-07-28 20:31:53 +0530
76309,Leggett & Platt Inc,Leggett & Platt Inc,,other,2021-07-28 20:31:53 +0530,2021-07-28 20:31:53 +0530
76310,Leidos Holdings Inc,Leidos Holdings Inc,,finance,2021-07-28 20:31:53 +0530,2021-07-28 20:31:53 +0530
76311,Lennar Corp,Lennar Corp,,real_estate,2021-07-28 20:31:53 +0530,2021-07-28 20:31:53 +0530
76312,Lincoln National Corp,Lincoln National Corp,,finance,2021-07-28 20:31:53 +0530,2021-07-28 20:31:53 +0530
76313,Linde PLC,Linde PLC,,,2021-07-28 20:31:53 +0530,2021-07-28 20:31:53 +0530
76314,Live Nation Entertainment Inc,Live Nation Entertainment Inc,,media,2021-07-28 20:31:53 +0530,2021-07-28 20:31:53 +0530
76315,LKQ Corp,LKQ Corp,,trading,2021-07-28 20:31:54 +0530,2021-07-28 20:31:54 +0530
76316,Lockheed Martin Corp,Lockheed Martin Corp,,defence,2021-07-28 20:31:54 +0530,2021-07-28 20:31:54 +0530
76317,Loews Corp,Loews Corp,,finance,2021-07-28 20:31:54 +0530,2021-07-28 20:31:54 +0530
76318,Lyondellbasell Industries N.V.,Lyondellbasell Industries N.V.,,,2021-07-28 20:31:54 +0530,2021-07-28 20:31:54 +0530
76319,M&T Bank Corp,M&T Bank Corp,,finance,2021-07-28 20:31:54 +0530,2021-07-28 20:31:54 +0530
76320,MarketAxess Holdings Inc,MarketAxess Holdings Inc,,finance,2021-07-28 20:31:54 +0530,2021-07-28 20:31:54 +0530
76321,Marsh & McLennan Cos Inc,Marsh & McLennan Cos Inc,,finance,2021-07-28 20:31:54 +0530,2021-07-28 20:31:54 +0530
76322,Masco Corp,Masco Corp,,other,2021-07-28 20:31:54 +0530,2021-07-28 20:31:54 +0530
76323,McCormick & Co Inc,McCormick & Co Inc,,consumer_staples,2021-07-28 20:31:54 +0530,2021-07-28 20:31:54 +0530
76324,Metlife Inc,Metlife Inc,,finance,2021-07-28 20:31:54 +0530,2021-07-28 20:31:54 +0530
76325,Mettler-Toledo International Inc,Mettler-Toledo International Inc,,other,2021-07-28 20:31:54 +0530,2021-07-28 20:31:54 +0530
76326,MGM Resorts International,MGM Resorts International,,travel_lodging,2021-07-28 20:31:54 +0530,2021-07-28 20:31:54 +0530
76327,Mid-America Apartment Communities Inc,Mid-America Apartment Communities Inc,,other,2021-07-28 20:31:54 +0530,2021-07-28 20:31:54 +0530
76328,Mohawk Industries Inc,Mohawk Industries Inc,,other,2021-07-28 20:31:54 +0530,2021-07-28 20:31:54 +0530
76329,Molson Coors Beverage Co,Molson Coors Beverage Co,,consumer_staples,2021-07-28 20:31:54 +0530,2021-07-28 20:31:54 +0530
76330,Moody's Corp,Moody's Corp,,finance,2021-07-28 20:31:54 +0530,2021-07-28 20:31:54 +0530
76331,Motorola Solutions Inc,Motorola Solutions Inc,,infrastructure,2021-07-28 20:31:54 +0530,2021-07-28 20:31:54 +0530
76332,MSCI Inc,MSCI Inc,,finance,2021-07-28 20:31:54 +0530,2021-07-28 20:31:54 +0530
76333,Newell Brands Inc,Newell Brands Inc,,other,2021-07-28 20:31:54 +0530,2021-07-28 20:31:54 +0530
76334,NextEra Energy Inc,NextEra Energy Inc,,industrial_equipment,2021-07-28 20:31:54 +0530,2021-07-28 20:31:54 +0530
76335,Nielsen Holdings PLC,Nielsen Holdings PLC,,finance,2021-07-28 20:31:54 +0530,2021-07-28 20:31:54 +0530
76336,NiSource Inc,NiSource Inc,,other,2021-07-28 20:31:54 +0530,2021-07-28 20:31:54 +0530
76337,Noble Energy Inc,Noble Energy Inc,,other,2021-07-28 20:31:54 +0530,2021-07-28 20:31:54 +0530
76338,Northern Trust Corp,Northern Trust Corp,,finance,2021-07-28 20:31:54 +0530,2021-07-28 20:31:54 +0530
76339,NRG Energy Inc,NRG Energy Inc,,industrial_equipment,2021-07-28 20:31:54 +0530,2021-07-28 20:31:54 +0530
76340,NVR Inc,NVR Inc,,real_estate,2021-07-28 20:31:54 +0530,2021-07-28 20:31:54 +0530
76341,Old Dominion Freight Line Inc,Old Dominion Freight Line Inc,,logistics,2021-07-28 20:31:54 +0530,2021-07-28 20:31:54 +0530
76342,Omnicom Group Inc,Omnicom Group Inc,,other,2021-07-28 20:31:54 +0530,2021-07-28 20:31:54 +0530
76343,Otis Worldwide Corp,Otis Worldwide Corp,,industrial_equipment,2021-07-28 20:31:54 +0530,2021-07-28 20:31:54 +0530
76344,Packaging Corp of America,Packaging Corp of America,,packaging,2021-07-28 20:31:54 +0530,2021-07-28 20:31:54 +0530
76345,Parker-Hannifin Corp,Parker-Hannifin Corp,,industrial_equipment,2021-07-28 20:31:54 +0530,2021-07-28 20:31:54 +0530
76346,Paycom Software Inc,Paycom Software Inc,,,2021-07-28 20:31:54 +0530,2021-07-28 20:31:54 +0530
76347,Peoples United Financial Inc,Peoples United Financial Inc,,finance,2021-07-28 20:31:54 +0530,2021-07-28 20:31:54 +0530
76348,PerkinElmer Inc,PerkinElmer Inc,,other,2021-07-28 20:31:54 +0530,2021-07-28 20:31:54 +0530
76349,Perrigo Co PLC,Perrigo Co PLC,,healthcare,2021-07-28 20:31:54 +0530,2021-07-28 20:31:54 +0530
76350,Phillips 66,Phillips 66,,energy_production,2021-07-28 20:31:54 +0530,2021-07-28 20:31:54 +0530
76351,Pinnacle West Capital Corp,Pinnacle West Capital Corp,,industrial_equipment,2021-07-28 20:31:54 +0530,2021-07-28 20:31:54 +0530
76352,PNC Financial Services Group Inc,PNC Financial Services Group Inc,,finance,2021-07-28 20:31:54 +0530,2021-07-28 20:31:54 +0530
76353,PPL Corp,PPL Corp,,industrial_equipment,2021-07-28 20:31:54 +0530,2021-07-28 20:31:54 +0530
76354,Principal Financial Group Inc,Principal Financial Group Inc,,finance,2021-07-28 20:31:54 +0530,2021-07-28 20:31:54 +0530
76355,Progressive Corp,Progressive Corp,,finance,2021-07-28 20:31:54 +0530,2021-07-28 20:31:54 +0530
76356,Prologis Inc,Prologis Inc,,other,2021-07-28 20:31:54 +0530,2021-07-28 20:31:54 +0530
76357,Prudential Financial Inc,Prudential Financial Inc,,finance,2021-07-28 20:31:54 +0530,2021-07-28 20:31:54 +0530
76358,Public Service Enterprise Group Inc,Public Service Enterprise Group Inc,,other,2021-07-28 20:31:54 +0530,2021-07-28 20:31:54 +0530
76359,Public Storage,Public Storage,,other,2021-07-28 20:31:54 +0530,2021-07-28 20:31:54 +0530
76360,PulteGroup Inc,PulteGroup Inc,,real_estate,2021-07-28 20:31:54 +0530,2021-07-28 20:31:54 +0530
76361,PVH Corp,PVH Corp,,textile,2021-07-28 20:31:54 +0530,2021-07-28 20:31:54 +0530
76362,Qorvo Inc,Qorvo Inc,,electronics,2021-07-28 20:31:54 +0530,2021-07-28 20:31:54 +0530
76363,Quanta Services Inc,Quanta Services Inc,,construction,2021-07-28 20:31:54 +0530,2021-07-28 20:31:54 +0530
76364,Quest Diagnostics Inc,Quest Diagnostics Inc,,healthcare,2021-07-28 20:31:54 +0530,2021-07-28 20:31:54 +0530
76365,Ralph Lauren Corp,Ralph Lauren Corp,,retail,2021-07-28 20:31:54 +0530,2021-07-28 20:31:54 +0530
76366,Raymond James Financial Inc,Raymond James Financial Inc,,finance,2021-07-28 20:31:55 +0530,2021-07-28 20:31:55 +0530
76367,Raytheon Technologies Corp,Raytheon Technologies Corp,,defence,2021-07-28 20:31:55 +0530,2021-07-28 20:31:55 +0530
76368,Realty Income Corp,Realty Income Corp,,other,2021-07-28 20:31:55 +0530,2021-07-28 20:31:55 +0530
76369,Regency Centers Corp,Regency Centers Corp,,other,2021-07-28 20:31:55 +0530,2021-07-28 20:31:55 +0530
76370,Regions Financial Corp,Regions Financial Corp,,finance,2021-07-28 20:31:55 +0530,2021-07-28 20:31:55 +0530
76371,Republic Services Inc,Republic Services Inc,,other,2021-07-28 20:31:55 +0530,2021-07-28 20:31:55 +0530
76372,Robert Half International Inc,Robert Half International Inc,,other,2021-07-28 20:31:55 +0530,2021-07-28 20:31:55 +0530
76373,Rollins Inc,Rollins Inc,,other,2021-07-28 20:31:55 +0530,2021-07-28 20:31:55 +0530
76374,Royal Caribbean Cruises Ltd,Royal Caribbean Cruises Ltd,,travel_lodging,2021-07-28 20:31:55 +0530,2021-07-28 20:31:55 +0530
76375,S&P Global Inc,S&P Global Inc,,finance,2021-07-28 20:31:55 +0530,2021-07-28 20:31:55 +0530
76376,Sealed Air Corp,Sealed Air Corp,,packaging,2021-07-28 20:31:55 +0530,2021-07-28 20:31:55 +0530
76377,Sempra Energy,Sempra Energy,,other,2021-07-28 20:31:55 +0530,2021-07-28 20:31:55 +0530
76378,Sherwin-Williams Co,Sherwin-Williams Co,,,2021-07-28 20:31:55 +0530,2021-07-28 20:31:55 +0530
76379,Simon Property Group Inc,Simon Property Group Inc,,other,2021-07-28 20:31:55 +0530,2021-07-28 20:31:55 +0530
76380,SL Green Realty Corp,SL Green Realty Corp,,other,2021-07-28 20:31:55 +0530,2021-07-28 20:31:55 +0530
76381,Southern Co,Southern Co,,industrial_equipment,2021-07-28 20:31:55 +0530,2021-07-28 20:31:55 +0530
76382,Southwest Airlines Co,Southwest Airlines Co,,travel_lodging,2021-07-28 20:31:55 +0530,2021-07-28 20:31:55 +0530
76383,Stanley Black & Decker Inc,Stanley Black & Decker Inc,,industrial_equipment,2021-07-28 20:31:55 +0530,2021-07-28 20:31:55 +0530
76384,STERIS PLC,STERIS PLC,,healthcare,2021-07-28 20:31:55 +0530,2021-07-28 20:31:55 +0530
76385,Stryker Corp,Stryker Corp,,healthcare,2021-07-28 20:31:55 +0530,2021-07-28 20:31:55 +0530
76386,SVB Financial Group,SVB Financial Group,,finance,2021-07-28 20:31:55 +0530,2021-07-28 20:31:55 +0530
76387,Synchrony Financial,Synchrony Financial,,finance,2021-07-28 20:31:55 +0530,2021-07-28 20:31:55 +0530
76388,Tapestry Inc,Tapestry Inc,,textile,2021-07-28 20:31:55 +0530,2021-07-28 20:31:55 +0530
76389,Target Corp,Target Corp,,retail,2021-07-28 20:31:55 +0530,2021-07-28 20:31:55 +0530
76390,TE Connectivity Ltd,TE Connectivity Ltd,,industrial_equipment,2021-07-28 20:31:55 +0530,2021-07-28 20:31:55 +0530
76391,TechnipFMC PLC,TechnipFMC PLC,,energy_production,2021-07-28 20:31:55 +0530,2021-07-28 20:31:55 +0530
76392,Teleflex Inc,Teleflex Inc,,healthcare,2021-07-28 20:31:55 +0530,2021-07-28 20:31:55 +0530
76393,Textron Inc,Textron Inc,,defence,2021-07-28 20:31:55 +0530,2021-07-28 20:31:55 +0530
76394,The Hartford Financial Services Group Inc,The Hartford Financial Services Group Inc,,finance,2021-07-28 20:31:55 +0530,2021-07-28 20:31:55 +0530
76395,Tiffany & Co,Tiffany & Co,,retail,2021-07-28 20:31:55 +0530,2021-07-28 20:31:55 +0530
76396,Truist Financial Corp,Truist Financial Corp,,finance,2021-07-28 20:31:55 +0530,2021-07-28 20:31:55 +0530
76397,UDR Inc,UDR Inc,,other,2021-07-28 20:31:55 +0530,2021-07-28 20:31:55 +0530
76398,Under Armour Inc (Under Armour Rg-A),Under Armour Inc (Under Armour Rg-A),,textile,2021-07-28 20:31:55 +0530,2021-07-28 20:31:55 +0530
76399,United Rentals Inc,United Rentals Inc,,trading,2021-07-28 20:31:55 +0530,2021-07-28 20:31:55 +0530
76400,Universal Health Services Inc,Universal Health Services Inc,,healthcare,2021-07-28 20:31:55 +0530,2021-07-28 20:31:55 +0530
76401,Unum Group,Unum Group,,finance,2021-07-28 20:31:55 +0530,2021-07-28 20:31:55 +0530
76402,VF Corp,VF Corp,,textile,2021-07-28 20:31:55 +0530,2021-07-28 20:31:55 +0530
76403,ViacomCBS Inc,ViacomCBS Inc,,media,2021-07-28 20:31:55 +0530,2021-07-28 20:31:55 +0530
76404,Vornado Realty Trust,Vornado Realty Trust,,finance,2021-07-28 20:31:55 +0530,2021-07-28 20:31:55 +0530
76405,Waste Management Inc,Waste Management Inc,,other,2021-07-28 20:31:55 +0530,2021-07-28 20:31:55 +0530
76406,WEC Energy Group Inc,WEC Energy Group Inc,,healthcare,2021-07-28 20:31:55 +0530,2021-07-28 20:31:55 +0530
76407,Welltower Inc,Welltower Inc,,other,2021-07-28 20:31:55 +0530,2021-07-28 20:31:55 +0530
76408,Westinghouse Air Brake Technologies Corp,Westinghouse Air Brake Technologies Corp,,industrial_equipment,2021-07-28 20:31:55 +0530,2021-07-28 20:31:55 +0530
76409,Westrock Co,Westrock Co,,packaging,2021-07-28 20:31:55 +0530,2021-07-28 20:31:55 +0530
76410,Weyerhaeuser Co,Weyerhaeuser Co,,other,2021-07-28 20:31:55 +0530,2021-07-28 20:31:55 +0530
76411,Whirlpool Corp,Whirlpool Corp,,consumer_discretionary,2021-07-28 20:31:55 +0530,2021-07-28 20:31:55 +0530
76412,Xylem Inc,Xylem Inc,,industrial_equipment,2021-07-28 20:31:55 +0530,2021-07-28 20:31:55 +0530
76413,Zebra Technologies Corp,Zebra Technologies Corp,,industrial_equipment,2021-07-28 20:31:55 +0530,2021-07-28 20:31:55 +0530
76414,Zions Bancorp NA,Zions Bancorp NA,,finance,2021-07-28 20:31:55 +0530,2021-07-28 20:31:55 +0530
76415,Zoetis Inc,Zoetis Inc,,healthcare,2021-07-28 20:31:55 +0530,2021-07-28 20:31:55 +0530
76416,Zoom Video Communications Inc,Zoom Video Communications Inc,,,2021-07-28 20:31:55 +0530,2021-07-28 20:31:55 +0530
76417,W. R. Berkley Corp,W. R. Berkley Corp,,finance,2021-07-28 20:31:55 +0530,2021-07-28 20:31:55 +0530
76418,AbbVie Inc,AbbVie Inc,,healthcare,2021-07-28 20:31:55 +0530,2021-07-28 20:31:55 +0530
76419,Alliant Energy Corp,Alliant Energy Corp,,industrial_equipment,2021-07-28 20:31:55 +0530,2021-07-28 20:31:55 +0530
76420,Interpublic Group of Companies Inc,Interpublic Group of Companies Inc,,other,2021-07-28 20:31:55 +0530,2021-07-28 20:31:55 +0530
76421,Airbus SE,Airbus SE,,other,2021-07-28 20:31:55 +0530,2021-07-28 20:31:55 +0530
76422,West Pharmaceutical Services Inc,West Pharmaceutical Services Inc,,healthcare,2021-07-28 20:31:56 +0530,2021-07-28 20:31:56 +0530
76423,Dexcom Inc,Dexcom Inc,,healthcare,2021-07-28 20:31:56 +0530,2021-07-28 20:31:56 +0530
76424,Budweiser Brewing Co. APAC Ltd.,Budweiser Brewing Co. APAC Ltd.,,consumer_discretionary,2021-07-28 20:31:56 +0530,2021-07-28 20:31:56 +0530
76425,Midea Group Co Ltd.,Midea Group Co Ltd.,,consumer_discretionary,2021-07-28 20:31:56 +0530,2021-07-28 20:31:56 +0530
76428,Greggs PLC,Greggs PLC,,travel_lodging,2021-07-28 20:31:56 +0530,2021-07-28 20:31:56 +0530
76431,Aspen Technology Inc,Aspen Technology Inc,,,2021-07-28 20:31:57 +0530,2021-07-28 20:31:57 +0530
76432,Bio-Rad Laboratories Inc A,Bio-Rad Laboratories Inc A,,healthcare,2021-07-28 20:31:57 +0530,2021-07-28 20:31:57 +0530
76433,Docusign Inc,Docusign Inc,,,2021-07-28 20:31:57 +0530,2021-07-28 20:31:57 +0530
76434,Teledyne Technologies Inc,Teledyne Technologies Inc,,diversified,2021-07-28 20:31:57 +0530,2021-07-28 20:31:57 +0530
76435,Meituan Dianping,Meituan Dianping,,retail,2021-07-28 20:31:57 +0530,2021-07-28 20:31:57 +0530
76436,SK Hynix Inc,SK Hynix Inc,,electronics,2021-07-28 20:31:57 +0530,2021-07-28 20:31:57 +0530
76437,Nitori Holdings Co Ltd,Nitori Holdings Co Ltd,,finance,2021-07-28 20:31:57 +0530,2021-07-28 20:31:57 +0530
76438,Otsuka Holdings Co Ltd.,Otsuka Holdings Co Ltd.,,finance,2021-07-28 20:31:57 +0530,2021-07-28 20:31:57 +0530
76439,Paltac Corporation,Paltac Corporation,,trading,2021-07-28 20:31:57 +0530,2021-07-28 20:31:57 +0530
76440,Sankyu Inc,Sankyu Inc,,construction,2021-07-28 20:31:57 +0530,2021-07-28 20:31:57 +0530
76443,Moderna Inc,Moderna Inc,,healthcare,2021-07-28 20:31:57 +0530,2021-07-28 20:31:57 +0530
76444,Alibaba Health Information Technology Ltd.,Alibaba Health Information Technology Ltd.,,healthcare,2021-07-28 20:31:57 +0530,2021-07-28 20:31:57 +0530
76445,SM Investments Corp,SM Investments Corp,,finance,2021-07-28 20:31:57 +0530,2021-07-28 20:31:57 +0530
76446,Sea Ltd,Sea Ltd,,other,2021-07-28 20:31:57 +0530,2021-07-28 20:31:57 +0530
76447,Nabtesco Corp,Nabtesco Corp,,industrial_equipment,2021-07-28 20:31:58 +0530,2021-07-28 20:31:58 +0530
76448,Yaskawa Electric Corp,Yaskawa Electric Corp,,industrial_equipment,2021-07-28 20:31:58 +0530,2021-07-28 20:31:58 +0530
76450,Astrazeneca PLC,Astrazeneca PLC,,healthcare,2021-07-28 20:31:58 +0530,2021-07-28 20:31:58 +0530
76451,SoftBank Group Corp,SoftBank Group Corp,,finance,2021-07-28 20:31:58 +0530,2021-07-28 20:31:58 +0530
76453,Catalent Inc,Catalent Inc,,healthcare,2021-07-28 20:31:58 +0530,2021-07-28 20:31:58 +0530
76454,Etsy Inc,Etsy Inc,,retail,2021-07-28 20:31:58 +0530,2021-07-28 20:31:58 +0530
76455,Lumen Technologies Inc,Lumen Technologies Inc,,telecom,2021-07-28 20:31:58 +0530,2021-07-28 20:31:58 +0530
76456,Pinduoduo Inc-Adr,Pinduoduo Inc-Adr,,it_technology,2021-07-28 20:31:58 +0530,2021-07-28 20:31:58 +0530
76457,Teradyne Inc,Teradyne Inc,,electronics,2021-07-28 20:31:58 +0530,2021-07-28 20:31:58 +0530
76458,Beijing Oriental Yuhong Waterproof Technology Co Ltd,Beijing Oriental Yuhong Waterproof Technology Co Ltd,,construction,2021-07-28 20:31:58 +0530,2021-07-28 20:31:58 +0530
76459,JD.Com Inc,JD.Com Inc,,,2021-07-28 20:31:59 +0530,2021-07-28 20:31:59 +0530
74766,Balmer Lawrie Freight Containers Ltd.,Balmer Lawrie Freight Containers Ltd.,,packaging,2021-07-28 20:29:18 +0530,2021-07-28 20:29:18 +0530
74919,Shaily Engineering Plastics Ltd.,Shaily Engineering Plastics Ltd.,,plastic_products,2021-07-28 20:29:21 +0530,2021-07-28 20:29:21 +0530
74922,Dhar Cement Ltd.,Dhar Cement Ltd.,,construction,2021-07-28 20:29:21 +0530,2021-07-28 20:29:21 +0530
74958,WPIL Ltd.,WPIL Ltd.,,industrial_equipment,2021-07-28 20:29:22 +0530,2021-07-28 20:29:22 +0530
74969,Fermenta Biotech Ltd.,Fermenta Biotech Ltd.,,healthcare,2021-07-28 20:29:23 +0530,2021-07-28 20:29:23 +0530
75009,MTZ Polyfilms Ltd.,MTZ Polyfilms Ltd.,,plastic_products,2021-07-28 20:29:24 +0530,2021-07-28 20:29:24 +0530
75029,Filaments India Ltd.,Filaments India Ltd.,,textile,2021-07-28 20:29:25 +0530,2021-07-28 20:29:25 +0530
75059,Hanuman Tea Company Ltd.,Hanuman Tea Company Ltd.,,consumer_staples,2021-07-28 20:29:26 +0530,2021-07-28 20:29:26 +0530
75086,SRM Energy Ltd.,SRM Energy Ltd.,,textile,2021-07-28 20:29:27 +0530,2021-07-28 20:29:27 +0530
76460,WuXi Biologics (Cayman) Inc.,WuXi Biologics (Cayman) Inc.,,other,2021-07-28 20:31:59 +0530,2021-07-28 20:31:59 +0530
76461,Xiaomi Corporation,Xiaomi Corporation,,electronics,2021-07-28 20:31:59 +0530,2021-07-28 20:31:59 +0530
76463,BAE Systems PLC,BAE Systems PLC,,defence,2021-07-28 20:31:59 +0530,2021-07-28 20:31:59 +0530
76464,Danone,Danone,,other,2021-07-28 20:31:59 +0530,2021-07-28 20:31:59 +0530
76465,Vontier Corp,Vontier Corp,,industrial_equipment,2021-07-28 20:31:59 +0530,2021-07-28 20:31:59 +0530
76466,Keurig Dr Pepper,Keurig Dr Pepper,,retail,2021-07-28 20:31:59 +0530,2021-07-28 20:31:59 +0530
76467,Pool Corp,Pool Corp,,trading,2021-07-28 20:31:59 +0530,2021-07-28 20:31:59 +0530
76468,Seagen Inc,Seagen Inc,,healthcare,2021-07-28 20:31:59 +0530,2021-07-28 20:31:59 +0530
76471,Kerry Group PLC,Kerry Group PLC,,packaging,2021-07-28 20:31:59 +0530,2021-07-28 20:31:59 +0530
76472,Santen Pharmaceutical Co Ltd.,Santen Pharmaceutical Co Ltd.,,healthcare,2021-07-28 20:31:59 +0530,2021-07-28 20:31:59 +0530
76473,China Resources Mixc Lifestyle Services Ltd.,China Resources Mixc Lifestyle Services Ltd.,,other,2021-07-28 20:32:00 +0530,2021-07-28 20:32:00 +0530
76474,Longi Green Energy Technology Co Ltd.,Longi Green Energy Technology Co Ltd.,,utilities,2021-07-28 20:32:00 +0530,2021-07-28 20:32:00 +0530
76475,Viatris Inc,Viatris Inc,,healthcare,2021-07-28 20:32:00 +0530,2021-07-28 20:32:00 +0530
76476,Apartment Income Reit Corp,Apartment Income Reit Corp,,other,2021-07-28 20:32:00 +0530,2021-07-28 20:32:00 +0530
76477,Atlassian Corporation Plc,Atlassian Corporation Plc,,,2021-07-28 20:32:00 +0530,2021-07-28 20:32:00 +0530
76478,Jd Com Inc,Jd Com Inc,,it_technology,2021-07-28 20:32:00 +0530,2021-07-28 20:32:00 +0530
76479,Match Group Inc,Match Group Inc,,other,2021-07-28 20:32:00 +0530,2021-07-28 20:32:00 +0530
76480,Okta Inc,Okta Inc,,,2021-07-28 20:32:00 +0530,2021-07-28 20:32:00 +0530
76481,Peloton Interactive Inc,Peloton Interactive Inc,,other,2021-07-28 20:32:00 +0530,2021-07-28 20:32:00 +0530
76482,Anta Sports Products Ltd,Anta Sports Products Ltd,,other,2021-07-28 20:32:00 +0530,2021-07-28 20:32:00 +0530
76483,Keyence Corp,Keyence Corp,,other,2021-07-28 20:32:00 +0530,2021-07-28 20:32:00 +0530
76484,Black Knight Inc,Black Knight Inc,,other,2021-07-28 20:32:00 +0530,2021-07-28 20:32:00 +0530
76485,Globant S.A.,Globant S.A.,,,2021-07-28 20:32:00 +0530,2021-07-28 20:32:00 +0530
76486,Solaredge Technologies Inc,Solaredge Technologies Inc,,other,2021-07-28 20:32:00 +0530,2021-07-28 20:32:00 +0530
76487,Square Inc,Square Inc,,finance,2021-07-28 20:32:00 +0530,2021-07-28 20:32:00 +0530
76488,Trimble Inc,Trimble Inc,,other,2021-07-28 20:32:00 +0530,2021-07-28 20:32:00 +0530
76489,Enphase Energy Inc,Enphase Energy Inc,,utilities,2021-07-28 20:32:01 +0530,2021-07-28 20:32:01 +0530
76490,Nov Inc,Nov Inc,,industrial_equipment,2021-07-28 20:32:01 +0530,2021-07-28 20:32:01 +0530
76491,Laobaixing Pharmacy Chain Jsc,Laobaixing Pharmacy Chain Jsc,,healthcare,2021-07-28 20:32:01 +0530,2021-07-28 20:32:01 +0530
76492,Shanghai International Airport Co Ltd,Shanghai International Airport Co Ltd,,construction,2021-07-28 20:32:01 +0530,2021-07-28 20:32:01 +0530
76493,Wix.Com Ltd,Wix.Com Ltd,,,2021-07-28 20:32:01 +0530,2021-07-28 20:32:01 +0530
76495,Deutsche Boerse AG,Deutsche Boerse AG,,other,2021-07-28 20:32:01 +0530,2021-07-28 20:32:01 +0530
76497,Alnylam Pharmaceuticals Inc,Alnylam Pharmaceuticals Inc,,other,2021-07-28 20:32:01 +0530,2021-07-28 20:32:01 +0530
76498,Ionis Pharmaceuticals Inc,Ionis Pharmaceuticals Inc,,other,2021-07-28 20:32:01 +0530,2021-07-28 20:32:01 +0530
76499,Monolithic Power Systems Inc,Monolithic Power Systems Inc,,other,2021-07-28 20:32:01 +0530,2021-07-28 20:32:01 +0530
76500,Kuaishou Technology,Kuaishou Technology,,other,2021-07-28 20:32:01 +0530,2021-07-28 20:32:01 +0530
76504,Haidilao International Holding Ltd.,Haidilao International Holding Ltd.,,other,2021-07-28 20:32:02 +0530,2021-07-28 20:32:02 +0530
76505,Longfor Group Holdings Ltd.,Longfor Group Holdings Ltd.,,other,2021-07-28 20:32:02 +0530,2021-07-28 20:32:02 +0530
76506,Apa Corporation,Apa Corporation,,other,2021-07-28 20:32:02 +0530,2021-07-28 20:32:02 +0530
76507,Caesars Entertainment Inc.,Caesars Entertainment Inc.,,other,2021-07-28 20:32:02 +0530,2021-07-28 20:32:02 +0530
76508,Generac Holdings Inc,Generac Holdings Inc,,other,2021-07-28 20:32:02 +0530,2021-07-28 20:32:02 +0530
76509,Penn National Gaming Inc,Penn National Gaming Inc,,other,2021-07-28 20:32:02 +0530,2021-07-28 20:32:02 +0530
76510,Vertiv Holdings Co,Vertiv Holdings Co,,other,2021-07-28 20:32:02 +0530,2021-07-28 20:32:02 +0530
76511,Globus Medical Inc,Globus Medical Inc,,other,2021-07-28 20:32:02 +0530,2021-07-28 20:32:02 +0530
76512,Roblox Corporation,Roblox Corporation,,other,2021-07-28 20:32:03 +0530,2021-07-28 20:32:03 +0530
76513,PTC Inc.,PTC Inc.,,other,2021-07-28 20:32:03 +0530,2021-07-28 20:32:03 +0530
76514,Kingfisher PLC,Kingfisher PLC,,other,2021-07-28 20:32:03 +0530,2021-07-28 20:32:03 +0530
76515,Guangzhou Tinci Materials Technology Co Ltd.,Guangzhou Tinci Materials Technology Co Ltd.,,other,2021-07-28 20:32:03 +0530,2021-07-28 20:32:03 +0530
76516,Charles River Laboratories International Inc,Charles River Laboratories International Inc,,other,2021-07-28 20:32:03 +0530,2021-07-28 20:32:03 +0530
75125,Omega Laboratories Ltd.,Omega Laboratories Ltd.,,healthcare,2021-07-28 20:29:28 +0530,2021-07-28 20:29:28 +0530
75127,KMC Speciality Hospitals (India) Ltd.,KMC Speciality Hospitals (India) Ltd.,,healthcare,2021-07-28 20:29:28 +0530,2021-07-28 20:29:28 +0530
75129,Gayatri Bio Organics Ltd.,Gayatri Bio Organics Ltd.,,consumer_staples,2021-07-28 20:29:28 +0530,2021-07-28 20:29:28 +0530
75154,Oriqua Ltd.,Oriqua Ltd.,,agriculture,2021-07-28 20:29:29 +0530,2021-07-28 20:29:29 +0530
75155,Sree Jayalakshmi Autospin Ltd.,Sree Jayalakshmi Autospin Ltd.,,textile,2021-07-28 20:29:29 +0530,2021-07-28 20:29:29 +0530
75165,Noble Brothers Impex Ltd.,Noble Brothers Impex Ltd.,,textile,2021-07-28 20:29:29 +0530,2021-07-28 20:29:29 +0530
75166,Flora Textiles Ltd.,Flora Textiles Ltd.,,textile,2021-07-28 20:29:29 +0530,2021-07-28 20:29:29 +0530
75170,Dhar Textile Mills Ltd.,Dhar Textile Mills Ltd.,,textile,2021-07-28 20:29:30 +0530,2021-07-28 20:29:30 +0530
75174,JMP Castings Ltd.,JMP Castings Ltd.,,industrial_equipment,2021-07-28 20:29:30 +0530,2021-07-28 20:29:30 +0530
75176,Kansal Fibres Ltd.,Kansal Fibres Ltd.,,textile,2021-07-28 20:29:30 +0530,2021-07-28 20:29:30 +0530
75180,Sandur Laminates Ltd.,Sandur Laminates Ltd.,,,2021-07-28 20:29:30 +0530,2021-07-28 20:29:30 +0530
75182,Milestone Global Ltd.,Milestone Global Ltd.,,other,2021-07-28 20:29:30 +0530,2021-07-28 20:29:30 +0530
75194,Sangam Health Care Products Ltd.,Sangam Health Care Products Ltd.,,healthcare,2021-07-28 20:29:31 +0530,2021-07-28 20:29:31 +0530
75219,Transtream India.com Ltd.,Transtream India.com Ltd.,,,2021-07-28 20:29:32 +0530,2021-07-28 20:29:32 +0530
75242,USG Tech Solutions Ltd.,USG Tech Solutions Ltd.,,,2021-07-28 20:29:32 +0530,2021-07-28 20:29:32 +0530
75389,BS Refrigerators Ltd.,BS Refrigerators Ltd.,,consumer_discretionary,2021-07-28 20:29:35 +0530,2021-07-28 20:29:35 +0530
75390,Crescent Finstock Ltd.,Crescent Finstock Ltd.,,finance,2021-07-28 20:29:35 +0530,2021-07-28 20:29:35 +0530
76891,Kamigumi Co Ltd.,Kamigumi Co Ltd.,,other,2021-07-28 20:36:22 +0530,2021-07-28 20:36:22 +0530
76892,Kyowa Exeo Corp,Kyowa Exeo Corp,,other,2021-07-28 20:36:22 +0530,2021-07-28 20:36:22 +0530
76893,Murata Manufacturing Co Ltd.,Murata Manufacturing Co Ltd.,,other,2021-07-28 20:36:22 +0530,2021-07-28 20:36:22 +0530
76894,Airbnb Inc,Airbnb Inc,,other,2021-07-28 20:36:22 +0530,2021-07-28 20:36:22 +0530
76895,Sensata Technologies Holding PLC,Sensata Technologies Holding PLC,,other,2021-07-28 20:36:22 +0530,2021-07-28 20:36:22 +0530
76896,Wyndham Hotels & Resorts Inc,Wyndham Hotels & Resorts Inc,,other,2021-07-28 20:36:22 +0530,2021-07-28 20:36:22 +0530
76897,Zscaler Inc,Zscaler Inc,,other,2021-07-28 20:36:22 +0530,2021-07-28 20:36:22 +0530
76898,Unitedhealth Group Inc.,Unitedhealth Group Inc.,,other,2021-07-28 20:36:22 +0530,2021-07-28 20:36:22 +0530
76899,Organon & Co,Organon & Co,,other,2021-07-28 20:36:22 +0530,2021-07-28 20:36:22 +0530
76900,Oak Street Health Inc,Oak Street Health Inc,,other,2021-07-28 20:36:22 +0530,2021-07-28 20:36:22 +0530
